Workbook
Name PVC: [1]자재매입!$AD$7:$AD$11
Name 광신포장: [2]자재매입!#REF!
Name 광신포장: [3]자재매입!#REF!
Name 광신포장: 자재매입!#REF!

Sheet PVC(9410)
G3: 납품실적
C4: 1 | D4: 2 | E4: 3 | F4: 4
A5: 공정 | B5: 차종 | C5: 아이템코드 | D5: 고객품번 | E5: P/NAME | F5: 판매단가 | G5: 1 | H5: 2 | I5: 3 | J5: 4 | K5: 5 | L5: 6 | M5: 7 | N5: 8 | O5: 9 | P5: 10 | Q5: 11 | R5: 12 | S5: 13 | T5: 14 | U5: 15 | V5: 16 | W5: 17 | X5: 18 | Y5: 19 | Z5: 20 | AA5: 21 | AB5: 22 | AC5: 23 | AD5: 24 | AE5: 25 | AF5: 26 | AG5: 27 | AH5: 28 | AI5: 29 | AJ5: 30 | AK5: 31 | AL5: TOTAL | AM5: 매출금액
A6: PVC | B6: PU | C6: G1106-0179 | D6: 822104E000 | E6: PU OUT CHAN LH | F6: 3275 | G6: 720 | H6: 240 | M6: 720 | N6: 300 | P6: 300 | S6: 600 | T6: 720 | U6: 99 | Z6: 720 | AA6: 360 | AB6: 300 | AC6: 300 | AD6: 300 | AG6: 720 | AH6: 300 | AI6: 300 | AJ6: 280 | AL6: =SUM(G6:AK6) -> 7279 | AM6: =F6*AL6 -> 23838725
C7: G1106-0180 | D7: 822204E000 | E7: PU OUT CHAN RH | F7: 3275 | G7: 720 | H7: 240 | M7: 720 | N7: 300 | P7: 300 | S7: 600 | T7: 720 | U7: 95 | Z7: 720 | AA7: 360 | AB7: 300 | AC7: 300 | AD7: 300 | AG7: 720 | AH7: 300 | AI7: 300 | AJ7: 276 | AL7: =SUM(G7:AK7) -> 7271 | AM7: =F7*AL7 -> 23812525
C8: G1102-0620 | D8: 832104E000 | E8: PU(D/CAB) OTR BELT LH | F8: 2592 | G8: 60 | H8: 60 | M8: 60 | T8: 120 | Z8: 120 | AA8: 112 | AG8: 120 | AJ8: -5 | AL8: =SUM(G8:AK8) -> 647 | AM8: =F8*AL8 -> 1677024
C9: G1102-0621 | D9: 832204E000 | E9: PU(D/CAB) OTR BELT RH | F9: 2592 | G9: 60 | H9: 60 | M9: 60 | T9: 120 | Z9: 120 | AA9: 76 | AG9: 120 | AJ9: 4 | AL9: =SUM(G9:AK9) -> 620 | AM9: =F9*AL9 -> 1607040
C10: G1106-0179-01 | D10: 822104E000 | E10: PU Outer Belt FR LH | F10: 3275 | H10: 360 | L10: 480 | U10: 360 | Z10: 600 | AD10: 120 | AJ10: 240 | AL10: =SUM(G10:AK10) -> 2160 | AM10: =F10*AL10 -> 7074000
C11: G1106-0180-01 | D11: 822204E000 | E11: PU Outer Belt FR RH | F11: 3275 | H11: 360 | L11: 480 | U11: 360 | Z11: 600 | AD11: 120 | AJ11: 240 | AL11: =SUM(G11:AK11) -> 2160 | AM11: =F11*AL11 -> 7074000 | AN11: =SUM(AM6:AM13) -> 65083314
C12: G1102-0620-01 | D12: 832104E000 | E12: PU(D/CAB) OTR BELT LH | F12: 2494 | AL12: =SUM(G12:AK12) -> 0 | AM12: =F12*AL12 -> 0
C13: G1102-0621-01 | D13: 832204E000 | E13: PU(D/CAB) OTR BELT RH | F13: 2494 | AL13: =SUM(G13:AK13) -> 0 | AM13: =F13*AL13 -> 0
B14: GV | C14: G1106-0212 | D14: 821707M000 | E14: OTR CHAN LH | F14: 2477 | G14: 180 | P14: 180 | S14: 180 | W14: 180 | AD14: 110 | AL14: =SUM(G14:AK14) -> 830 | AM14: =F14*AL14 -> 2055910
C15: G1106-0213 | D15: 821807M000 | E15: OTR CHAN RH | F15: 2477 | G15: 180 | P15: 180 | S15: 180 | W15: 180 | Z15: 100 | AL15: =SUM(G15:AK15) -> 820 | AM15: =F15*AL15 -> 2031140 | AN15: =SUM(AM14:AM15) -> 4087050
B16: QZ | C16: G1106-0317-00 | D16: 821707P000 | E16: QZ CAR OUT BELT | F16: 2150 | G16: 150 | S16: 150 | Z16: 73 | AD16: 150 | AG16: 150 | AL16: =SUM(G16:AK16) -> 673 | AM16: =F16*AL16 -> 1446950
C17: G1106-0318-00 | D17: 821807P000 | E17: QZ CAR OUT BELT | F17: 1879 | G17: 150 | S17: 150 | Z17: 77 | AD17: 150 | AG17: 150 | AL17: =SUM(G17:AK17) -> 677 | AM17: =F17*AL17 -> 1272083 | AN17: =SUM(AM16:AM17) -> 2719033
B18: TY | C18: G1106-0669-00 | D18: AD66203598-1 | E18: TY Outer Belt FRT LH | F18: 2477 | L18: 70 | AL18: =SUM(G18:AK18) -> 70 | AM18: =F18*AL18 -> 173390
C19: G1106-0670-00 | D19: AD62203598-2 | E19: TY Outer Belt FRT RH | F19: 2477 | L19: 70 | AL19: =SUM(G19:AK19) -> 70 | AM19: =F19*AL19 -> 173390 | AN19: =AM19+AM18 -> 346780
B20: VT | D20: 811515H000 | E20: INR CHAN LH | F20: 2496 | AL20: =SUM(G20:AK20) -> 0 | AM20: =F20*AL20 -> 0
D21: 811615H000 | E21: INR CHAN RH | F21: 2496 | AL21: =SUM(G21:AK21) -> 0 | AM21: =F21*AL21 -> 0
B22: EG | D22: 811517A000 | E22: INR CHAN LH | F22: 1682 | AL22: =SUM(G22:AK22) -> 0 | AM22: =F22*AL22 -> 0
D23: 811617A000 | E23: INR CHAN RH | F23: 1682 | AL23: =SUM(G23:AK23) -> 0 | AM23: =F23*AL23 -> 0
C24: G1106-0009 | D24: 821707A000 | E24: OTR CHAN LH | F24: 2298 | Z24: 92 | AL24: =SUM(G24:AK24) -> 92 | AM24: =F24*AL24 -> 211416
C25: G1106-0010 | D25: 821807A000 | E25: OTR CHAN RH | F25: 2298 | Z25: 156 | AL25: =SUM(G25:AK25) -> 156 | AM25: =F25*AL25 -> 358488 | AN25: =SUM(AM22:AM25) -> 569904
B26: A-1 | D26: 87857-4A100 | E26: TRIM OP'G LH(신) | F26: 1747 | AL26: =SUM(G26:AK26) -> 0 | AM26: =F26*AL26 -> 0
D27: 87867-4A100 | E27: TRIM OP'G RH(신) | F27: 1623 | AL27: =SUM(G27:AK27) -> 0 | AM27: =F27*AL27 -> 0
D28: 87857-4A000 | E28: TRIM OP'G LH(구) | F28: 62 | AL28: =SUM(G28:AK28) -> 0 | AM28: =F28*AL28 -> 0
D29: 87867-4A000 | E29: TRIM OP'G RH(구) | F29: 23 | AL29: =SUM(G29:AK29) -> 0 | AM29: =F29*AL29 -> 0
B30: VT | C30: G1102-0832-01 | D30: 81151-5H000 | E30: VT OUTER BELT 벨트라인 | F30: 3680 | AH30: 3400 | AL30: =SUM(G30:AK30) -> 3400 | AM30: =F30*AL30 -> 12512000 | AN30: =AM30 -> 12512000
B31: EG | E31: EG INR | F31: 3000 | AL31: =SUM(G31:AK31) -> 0 | AM31: =F31*AL31 -> 0
B32: CY | D32: 84248-8C000 | E32: CY 벨드라인( VT INR C/O) | F32: 3546 | AL32: =SUM(G32:AK32) -> 0 | AM32: =F32*AL32 -> 0
B33: DA/LA | D33: P94 581 950 | E33: PROT HEATER | F33: 624 | AL33: =SUM(G33:AK33) -> 0 | AM33: =F33*AL33 -> 0
D34: P94 588 239 | E34: PROT DRYER | F34: 3 | AL34: =SUM(G34:AK34) -> 0 | AM34: =F34*AL34 -> 0
D35: P94 586 275 | E35: CTR PLR OP'G | F35: 3209 | AL35: =SUM(G35:AK35) -> 0 | AM35: =F35*AL35 -> 0
C36: G1117-0024 | D36: P94 586 535 | E36: ROOF RAIL(소) | F36: 1538 | AL36: =SUM(G36:AK36) -> 0 | AM36: =F36*AL36 -> 0
D37: P94 586 532 | E37: ROOF RAIL(대) | F37: 3229 | AL37: =SUM(G37:AK37) -> 0 | AM37: =F37*AL37 -> 0
B38: W-3 | D38: 0K60A 58 810 | E38: OTR CHAN RH | F38: 2760 | AL38: =SUM(G38:AK38) -> 0 | AM38: =F38*AL38 -> 0
D39: 0K60A 59 810 | E39: OTR CHAN LH | F39: 2760 | AL39: =SUM(G39:AK39) -> 0 | AM39: =F39*AL39 -> 0
D40: 0K60N 72 810 | E40: OTR CHAN RH(D/C) | F40: 2384 | AL40: =SUM(G40:AK40) -> 0 | AM40: =F40*AL40 -> 0
D41: 0K60N 73 810 | E41: OTR CHAN LH(D/C) | F41: 2088 | AL41: =SUM(G41:AK41) -> 0 | AM41: =F41*AL41 -> 0
D42: 0K60N 72 820 | E42: INR CHAN RH | F42: 1168 | AL42: =SUM(G42:AK42) -> 0 | AM42: =F42*AL42 -> 0
D43: 0K60N 73 820 | E43: INR CHAN LH | F43: 1254 | AL43: =SUM(G43:AK43) -> 0 | AM43: =F43*AL43 -> 0
B44: TOWNER | D44: AA110 58 821 | E44: INR CHAN FRT | F44: 1244 | AL44: =SUM(G44:AK44) -> 0 | AM44: =F44*AL44 -> 0
D45: AA112 72 821 | E45: INR CHAN RR LH | F45: 1248 | AL45: =SUM(G45:AK45) -> 0 | AM45: =F45*AL45 -> 0
D46: AA112 73 821 | E46: INR CHAN RR RH | F46: 1277 | AL46: =SUM(G46:AK46) -> 0 | AM46: =F46*AL46 -> 0
D47: AA110 58 811 | E47: OTR CHAN FRT LH | F47: 1516 | AL47: =SUM(G47:AK47) -> 0 | AM47: =F47*AL47 -> 0
D48: AA110 59 811 | E48: OTR CHAN FRT RH | F48: 1516 | AL48: =SUM(G48:AK48) -> 0 | AM48: =F48*AL48 -> 0
D49: AA112 72 811 | E49: OTR CHAN RR LH | F49: 66 | AL49: =SUM(G49:AK49) -> 0 | AM49: =F49*AL49 -> 0
D50: AA112 73 811 | E50: OTR CHAN RR RH | F50: 1517 | AL50: =SUM(G50:AK50) -> 0 | AM50: =F50*AL50 -> 0
B51: T-100 | D51: P96352078 | E51: COVER A-FLANGE | F51: 1669 | AL51: =SUM(G51:AK51) -> 0 | AM51: =F51*AL51 -> 0
B52: AU | D52: 83150-4B000 | E52: T/OPEN'G | F52: 1359 | AL52: =SUM(G52:AK52) -> 0 | AM52: =F52*AL52 -> 0
B53: GRACE | D53: 84413-43001 | E53: T/OPEN'G | F53: 1525 | AL53: =SUM(G53:AK53) -> 0 | AM53: =F53*AL53 -> 0
D54: 84413-43500 | E54: T/OPEN'G | F54: 246 | AL54: =SUM(G54:AK54) -> 0 | AM54: =F54*AL54 -> 0
D55: 84415-43001 | E55: T/OPEN'G | F55: 462 | AL55: =SUM(G55:AK55) -> 0 | AM55: =F55*AL55 -> 0
B56: MX | D56: 82110-02000OB | E56: B/SIDE FRT | F56: 456 | AL56: =SUM(G56:AK56) -> 0 | AM56: =F56*AL56 -> 0
D57: 83110-02000OB | E57: B/SIDE RR | F57: 1 | AL57: =SUM(G57:AK57) -> 0 | AM57: =F57*AL57 -> 0
B58: MXL | D58: 83110-06000OB | E58: B/SIDE RR | F58: 1525 | AL58: =SUM(G58:AK58) -> 0 | AM58: =F58*AL58 -> 0
B59: BESTA | D59: 0K70A 68911 | E59: BESTA | F59: 948 | AL59: =SUM(G59:AK59) -> 0 | AM59: =F59*AL59 -> 0
B60: VT | D60: 84248-8C000 | E60: CY 벨트라인(VT INR C/O) | F60: 1532 | AL60: =SUM(G60:AK60) -> 0 | AM60: =F60*AL60 -> 0
B61: B-3 | D61: 0K30A59821 | E61: B-3 INR CHANNEL FRT LH | F61: 1058 | AL61: =SUM(G61:AK61) -> 0 | AM61: =F61*AL61 -> 0
D62: 0K30A58821 | E62: B-3 INR CHANNEL FRT RH | F62: 1060 | AL62: =SUM(G62:AK62) -> 0 | AM62: =F62*AL62 -> 0
D63: 0K30A73821 | E63: B-3 INR CHANNEL RR LH | F63: 1642 | AL63: =SUM(G63:AK63) -> 0 | AM63: =F63*AL63 -> 0
D64: 0K30A72821 | E64: B-3 INR CHANNEL RR RH | F64: 1642 | AL64: =SUM(G64:AK64) -> 0 | AM64: =F64*AL64 -> 0
B65: 군수10톤(EG) | D65: Q65034087 | E65: 군수10톤 OTR BELT LH | F65: 1652 | AL65: =SUM(G65:AK65) -> 0 | AM65: =F65*AL65 -> 0
D66: Q65034097 | E66: 군수10톤 OTR BELT RH | F66: 1652 | AL66: =SUM(G66:AK66) -> 0 | AM66: =F66*AL66 -> 0
D67: Q65080947 | E67: 군수품 PINCH WELT | F67: 1314 | AL67: =SUM(G67:AK67) -> 0 | AM67: =F67*AL67 -> 0
B68: BT-57 | D68: MDX5068911 | E68: SEAM'G WELT 5DR FRT | F68: 725 | AL68: =SUM(G68:AK68) -> 0 | AM68: =F68*AL68 -> 0
D69: MDX5068912 | E69: SEAM'G WELT 5DR FRT | F69: 931 | AL69: =SUM(G69:AK69) -> 0 | AM69: =F69*AL69 -> 0
D70: MDX5068913 | E70: SEAM'G WELT 5DR RR | F70: 725 | AL70: =SUM(G70:AK70) -> 0 | AM70: =F70*AL70 -> 0
D71: MDX5068914 | E71: SEAM'G WELT 5DR RR | F71: 931 | AL71: =SUM(G71:AK71) -> 0 | AM71: =F71*AL71 -> 0
AL72: PVC | AM72: =SUM(AM6:AM13) -> 65083314
AL73: 그외 | AM73: =SUM(AM14:AM71) -> 20234767
AM74: =SUM(AM6:AM71) -> 85318081

Sheet TPE(9410)
G3: 납품실적
A5: 공정 | B5: 차종 | C5: 화승품번 | D5: 고객품번 | E5: P/NAME | F5: 판매단가 | G5: 1 | H5: 2 | I5: 3 | J5: 4 | K5: 5 | L5: 6 | M5: 7 | N5: 8 | O5: 9 | P5: 10 | Q5: 11 | R5: 12 | S5: 13 | T5: 14 | U5: 15 | V5: 16 | W5: 17 | X5: 18 | Y5: 19 | Z5: 20 | AA5: 21 | AB5: 22 | AC5: 23 | AD5: 24 | AE5: 25 | AF5: 26 | AG5: 27 | AH5: 28 | AI5: 29 | AJ5: 30 | AK5: 31 | AL5: TOTAL | AM5: 매출금액
A6: TPE | B6: HR | C6: G1102-0085 | D6: 825304F000 | E6: G/RUN FRT LH | F6: 2664 | G6: 540 | H6: 300 | I6: 841 | K6: 7 | L6: 360 | M6: 660 | N6: 360 | O6: 300 | P6: 480 | S6: 120 | T6: 360 | U6: 420 | V6: 360 | AA6: 180 | AB6: 300 | AC6: 540 | AD6: 600 | AG6: 120 | AH6: 360 | AI6: 660 | AJ6: 30 | AL6: =SUM(G6:AK6) -> 7898 | AM6: =AL6*F6 -> 21040272
C7: G1102-0128 | D7: 825404F000 | E7: G/RUN FRT RH | F7: 2664 | G7: 540 | H7: 300 | I7: 840 | L7: 360 | M7: 660 | N7: 360 | O7: 300 | P7: 480 | S7: 120 | T7: 360 | U7: 420 | V7: 360 | AA7: 180 | AB7: 300 | AC7: 540 | AD7: 600 | AG7: 120 | AH7: 360 | AI7: 660 | AJ7: 22 | AL7: =SUM(G7:AK7) -> 7882 | AM7: =AL7*F7 -> 20997648
C8: G1102-0181 | D8: 835304F000 | E8: G/RUN RR LH | F8: 2272 | G8: 160 | H8: 60 | I8: 80 | L8: 80 | N8: 80 | P8: 80 | T8: 80 | U8: 80 | V8: 80 | AA8: 80 | AE8: 7 | AG8: 80 | AH8: 80 | AL8: =SUM(G8:AK8) -> 1027 | AM8: =AL8*F8 -> 2333344
C9: G1102-0218 | D9: 835404F000 | E9: G/RUN RR RH | F9: 2272 | G9: 160 | H9: 60 | I9: 80 | L9: 80 | N9: 80 | P9: 80 | T9: 80 | U9: 80 | V9: 80 | AA9: 80 | AE9: 11 | AG9: 80 | AH9: 80 | AL9: =SUM(G9:AK9) -> 1031 | AM9: =AL9*F9 -> 2342432 | AN9: =SUM(AM6:AM9) -> 46713696
B10: JB | C10: G1102-0727 | D10: 82530-1G000 | E10: G/RUN FRT LH | F10: 2735 | AL10: =SUM(G10:AK10) -> 0 | AM10: =AL10*F10 -> 0
C11: G1102-0728 | D11: 82540-1G000 | E11: G/RUN FRT RH | F11: 2735 | AL11: =SUM(G11:AK11) -> 0 | AM11: =AL11*F11 -> 0
C12: G1102-0729 | D12: 83531-1G000 | E12: G/RUN RR LH(4DR) | F12: 4148 | AL12: =SUM(G12:AK12) -> 0 | AM12: =AL12*F12 -> 0
C13: G1102-0730 | D13: 83541-1G000 | E13: G/RUN RR RH(4DR) | F13: 4136 | AL13: =SUM(G13:AK13) -> 0 | AM13: =AL13*F13 -> 0
C14: G1102-0762 | D14: 83531-1G200 | E14: G/RUN RR LH(5DR) | F14: 4136 | AL14: =SUM(G14:AK14) -> 0 | AM14: =AL14*F14 -> 0
C15: G1102-0763 | D15: 83541-1G200 | E15: G/RUN RR RH(5DR) | F15: 4146 | AL15: =SUM(G15:AK15) -> 0 | AM15: =AL15*F15 -> 0 | AN15: =SUM(AM10:AM15) -> 0
B16: JA | C16: G1102-1361-00 | D16: 82530G6000 | E16: JA GLASS RUN FRT LH | F16: 2558 | G16: 480 | H16: 480 | I16: 427 | L16: 420 | M16: 420 | O16: 540 | P16: 540 | S16: 540 | T16: 420 | U16: 540 | V16: 540 | W16: 540 | Z16: 360 | AA16: 420 | AB16: 540 | AC16: 540 | AD16: 540 | AG16: 420 | AH16: 540 | AI16: 540 | AJ16: 420 | AK16: 28 | AL16: =SUM(G16:AK16) -> 10235 | AM16: =AL16*F16 -> 26181130
C17: G1102-1362-00 | D17: 82540G6000 | E17: JA GLASS RUN FRT RH | F17: 2558 | G17: 480 | H17: 480 | I17: 427 | K17: 8 | L17: 420 | M17: 420 | O17: 540 | P17: 540 | S17: 540 | T17: 420 | U17: 540 | V17: 540 | W17: 540 | Z17: 360 | AA17: 420 | AB17: 540 | AC17: 540 | AD17: 540 | AG17: 420 | AH17: 540 | AI17: 540 | AJ17: 420 | AK17: 10 | AL17: =SUM(G17:AK17) -> 10225 | AM17: =AL17*F17 -> 26155550
C18: R1102-1363-00 | D18: 83530G6000 | E18: JA GLASS RUN RR LH | F18: 3443 | G18: 400 | H18: 400 | I18: 600 | L18: 600 | M18: 400 | O18: 400 | P18: 400 | S18: 400 | T18: 600 | U18: 400 | V18: 400 | W18: 400 | Z18: 600 | AA18: 600 | AB18: 400 | AC18: 400 | AD18: 400 | AG18: 600 | AH18: 400 | AI18: 400 | AJ18: 600 | AL18: =SUM(G18:AK18) -> 9800 | AM18: =AL18*F18 -> 33741400
C19: R1102-1364-00 | D19: 83540G6000 | E19: JA GLASS RUN RR RH | F19: 3443 | G19: 400 | H19: 400 | I19: 600 | L19: 600 | M19: 400 | O19: 400 | P19: 400 | S19: 400 | T19: 600 | U19: 400 | V19: 400 | W19: 400 | Z19: 600 | AA19: 600 | AB19: 400 | AC19: 400 | AD19: 400 | AG19: 600 | AH19: 400 | AI19: 400 | AJ19: 600 | AL19: =SUM(G19:AK19) -> 9800 | AM19: =AL19*F19 -> 33741400
C20: G1102-1363-01 | D20: 83530G6000 | E20: JA Glass run RR LH | F20: 3478 | AE20: 29 | AL20: =SUM(G20:AK20) -> 29 | AM20: =AL20*F20 -> 100862
C21: G1102-1364-01 | D21: 83540G6000 | E21: JA Glass run RR RH | F21: 3478 | AE21: 30 | AL21: =SUM(G21:AK21) -> 30 | AM21: =AL21*F21 -> 104340 | AN21: =SUM(AM16:AM21) -> 120024682
B22: BL | C22: 11020865 | D22: 82516-3E000 | E22: G/RUN FRT LH | F22: 4249 | AL22: =SUM(G22:AK22) -> 0 | AM22: =AL22*F22 -> 0
C23: 11020872 | D23: 82526-3E000 | E23: G/RUN FRT RH | F23: 4249 | AL23: =SUM(G23:AK23) -> 0 | AM23: =AL23*F23 -> 0
C24: 11020866 | D24: 83530-3E000 | E24: G/RUN RR LH | F24: 3037 | AL24: =SUM(G24:AK24) -> 0 | AM24: =AL24*F24 -> 0
C25: 11020871 | D25: 83540-3E000 | E25: G/RUN RR RH | F25: 3037 | AL25: =SUM(G25:AK25) -> 0 | AM25: =AL25*F25 -> 0 | AN25: =SUM(AM22:AM25) -> 0
B26: M2JO | C26: G1102-1487-03 | D26: 42574263 | E26: M2JO Glass run FR RH | F26: 4059 | AK26: 50 | AL26: =SUM(G26:AK26) -> 50 | AM26: =AL26*F26 -> 202950 | AN26: =AM26 -> 202950
C27: G1102-1489-02 | D27: 42574265 | E27: M2JO GLASS RUN RR RH | F27: 5335 | AL27: =SUM(G27:AK27) -> 0 | AM27: =AL27*F27 -> 0
B28: CE1 | C28: G1125-0076-00 | D28: 831A0KL000 | E28: CE1 P/SEAL RR LH | F28: 1649 | L28: 101 | N28: 200 | S28: 40 | W28: 200 | Z28: 360 | AK28: 20 | AL28: =SUM(G28:AK28) -> 921 | AM28: =AL28*F28 -> 1518729
C29: G1125-0077-00 | D29: 831B0KL000 | E29: CE1 P/SEAL RR RH | F29: 1649 | L29: 74 | N29: 200 | S29: 400 | W29: 200 | Z29: 25 | AL29: =SUM(G29:AK29) -> 899 | AM29: =AL29*F29 -> 1482451 | AN29: =AM29+AM28 -> 3001180
B30: 2M400 | C30: G1102-1486-03 | D30: 42574262 | E30: M2JO Glass run FR LH | F30: 4059 | AL30: =SUM(G30:AK30) -> 0 | AM30: =AL30*F30 -> 0
C31: G1102-1486-04 | D31: 42574262 | E31: M2JO Glass run FR LH | F31: 4059 | AL31: =SUM(G31:AK31) -> 0 | AM31: =AL31*F31 -> 0
C32: G1102-1487-02 | D32: 42574263 | E32: M2JO Glass run FR RH | F32: 4059 | AL32: =SUM(G32:AK32) -> 0 | AM32: =AL32*F32 -> 0
C33: G1102-1487-03 | D33: 42574263 | E33: M2JO Glass run FR RH | F33: 4059 | AE33: 50 | AL33: =SUM(G33:AK33) -> 50 | AM33: =AL33*F33 -> 202950
C34: G1102-1490-02 | D34: 42574266 | E34: M2JC Glass run RR LH | F34: 5335 | AL34: =SUM(G34:AK34) -> 0 | AM34: =AL34*F34 -> 0
C35: G1102-1489-02 | D35: 42574265 | E35: M2JO Glass run RR RH | F35: 5335 | AL35: =SUM(G35:AK35) -> 0 | AM35: =AL35*F35 -> 0
C36: G1102-1491-02 | D36: 42574267 | E36: M2JC Glass run RR RH | F36: 3463 | AL36: =SUM(G36:AK36) -> 0 | AM36: =AL36*F36 -> 0
C37: G1102-1491-03 | D37: 42574267 | E37: M2JC Glass run RR RH | F37: 3463 | AL37: =SUM(G37:AK37) -> 0 | AM37: =AL37*F37 -> 0
B38: OV1K 조영->아성화승납품 | C38: G1110-0202-00 | D38: 86430X9000 | E38: OV1k Hood Seal | F38: 1076 | G38: 480 | H38: 400 | I38: 320 | J38: 240 | L38: 400 | M38: 320 | N38: 400 | O38: 240 | P38: 320 | S38: 560 | Z38: 1648 | AC38: 432 | AD38: 576 | AG38: 432 | AK38: 1296 | AL38: =SUM(G38:AK38) -> 8064 | AM38: =AL38*F38 -> 8676864
C39: G1110-0203-00 | D39: 86435X9000 | E39: OV1k Hood Seal (FRUNK) | F39: 1712 | G39: 480 | H39: 400 | I39: 320 | J39: 240 | L39: 400 | M39: 320 | N39: 400 | O39: 240 | P39: 320 | S39: 560 | Z39: 1648 | AC39: 432 | AD39: 576 | AG39: 432 | AK39: 1296 | AL39: =SUM(G39:AK39) -> 8064 | AM39: =AL39*F39 -> 13805568
C40: G1160-0009-00 | D40: 81855X9100 | E40: OV1k Power Tail Gate Side Strip LH | F40: 1661 | H40: 576 | I40: 288 | L40: 432 | M40: 432 | O40: 432 | P40: 432 | S40: 432 | Z40: 2503 | AB40: 320 | AC40: 80 | AD40: 480 | AG40: 240 | AK40: 720 | AL40: =SUM(G40:AK40) -> 7367 | AM40: =AL40*F40 -> 12236587
C41: G1160-0010-00 | D41: 81865X9100 | E41: OV1k Power Tail Gate Side Strip RH | F41: 1661 | H41: 576 | I41: 288 | L41: 432 | M41: 432 | O41: 432 | P41: 432 | S41: 432 | Z41: 2508 | AB41: 320 | AC41: 80 | AD41: 480 | AG41: 240 | AK41: 720 | AL41: =SUM(G41:AK41) -> 7372 | AM41: =AL41*F41 -> 12244892 | AN41: =SUM(AM38:AM41) -> 46963911
B42: 9BQC 말일 화승납품 마감하기 | C42: G1102-2752-00 | D42: 42933952 | E42: 9BQC FRT LH | F42: 2858 | G42: 1300 | H42: 600 | I42: 1400 | J42: 600 | L42: 1200 | M42: 900 | N42: 1000 | O42: 1000 | P42: 900 | S42: 1200 | T42: 900 | U42: 900 | V42: 1200 | Z42: 600 | AA42: 1000 | AB42: 900 | AC42: 900 | AD42: 900 | AG42: 1000 | AH42: 600 | AI42: 1000 | AJ42: 1000 | AK42: 400 | AL42: =SUM(G42:AK42) -> 21400 | AM42: =AL42*F42 -> 61161200
C43: G1102-2753-00 | D43: 42933953 | E43: 9BQC FRT RH | F43: 2858 | G43: 1300 | H43: 600 | I43: 1400 | J43: 600 | L43: 1200 | M43: 900 | N43: 1000 | O43: 1000 | P43: 900 | S43: 1200 | T43: 900 | U43: 900 | V43: 1200 | Z43: 600 | AA43: 1000 | AB43: 900 | AC43: 900 | AD43: 700 | AG43: 1000 | AH43: 600 | AI43: 1000 | AJ43: 1000 | AK43: 400 | AL43: =SUM(G43:AK43) -> 21200 | AM43: =AL43*F43 -> 60589600
C44: G1102-2756-00 | D44: 42933958 | E44: 9BQC RR LH(PRI) | F44: 11028 | G44: 1380 | H44: 960 | I44: 900 | J44: 960 | L44: 900 | M44: 900 | N44: 900 | O44: 900 | P44: 900 | S44: 900 | T44: 900 | U44: 900 | V44: 900 | Z44: 360 | AA44: 900 | AB44: 900 | AC44: 900 | AD44: 1560 | AG44: 480 | AH44: 480 | AI44: 900 | AJ44: 960 | AK44: 1740 | AL44: =SUM(G44:AK44) -> 21480 | AM44: =AL44*F44 -> 236881440
C45: G1102-2757-00 | D45: 42933959 | E45: 9BQC RR RH(PRI) | F45: 11028 | G45: 1380 | H45: 960 | I45: 900 | J45: 960 | L45: 900 | M45: 900 | N45: 900 | O45: 900 | P45: 900 | S45: 900 | T45: 900 | U45: 900 | V45: 900 | Z45: 360 | AA45: 900 | AB45: 900 | AC45: 900 | AD45: 1500 | AG45: 480 | AH45: 480 | AI45: 900 | AJ45: 600 | AK45: 2100 | AL45: =SUM(G45:AK45) -> 21420 | AM45: =AL45*F45 -> 236219760
C46: G1102-2754-00 | D46: 42933956 | E46: 9BQC RR LH(TNI) | F46: 10598 | G46: 60 | I46: 60 | L46: 60 | N46: 60 | P46: 60 | S46: 60 | U46: 60 | V46: 60 | AB46: 120 | AD46: 60 | AI46: 60 | AK46: 60 | AL46: =SUM(G46:AK46) -> 780 | AM46: =AL46*F46 -> 8266440
C47: G1102-2755-00 | D47: 42933957 | E47: 9BQC RR RH(TNI) | F47: 10598 | G47: 60 | I47: 60 | L47: 60 | N47: 60 | P47: 60 | S47: 60 | U47: 60 | V47: 60 | AB47: 120 | AD47: 60 | AI47: 60 | AK47: 60 | AL47: =SUM(G47:AK47) -> 780 | AM47: =AL47*F47 -> 8266440
C48: G1102-2463-00 | D48: 42870825 | E48: 9BQC Glass run RR RH PRIVACY | F48: 10627 | AD48: 100 | AL48: =SUM(G48:AK48) -> 100 | AM48: =AL48*F48 -> 1062700
C49: G1102-2544-00 | D49: 42896296 | E49: 9BQC Glass run FR RH | F49: 2753 | AD49: 100 | AL49: =SUM(G49:AK49) -> 100 | AM49: =AL49*F49 -> 275300 | AN49: =SUM(AM42:AM49) -> 612722880
B50: AUX-SEAL | C50: 11000903-00 | D50: 94511494 | E50: LIFT GATE UPR | F50: 648 | AL50: =SUM(G50:AK50) -> 0 | AM50: =AL50*F50 -> 0
B51: FS | C51: G1103-0628 | D51: 82130-2V000 | E51: FRT LH (LHD) | F51: 3850 | AE51: 100 | AL51: =SUM(G51:AK51) -> 100 | AM51: =AL51*F51 -> 385000
C52: G1103-0629 | D52: 82140-2V000 | E52: FRT RH (LHD) | F52: 3537 | AL52: =SUM(G52:AK52) -> 0 | AM52: =AL52*F52 -> 0
C53: G1103-0630 | D53: 83140-2V000 | E53: RR RH (LHD) | F53: 3327 | AK53: 65 | AL53: =SUM(G53:AK53) -> 65 | AM53: =AL53*F53 -> 216255
C54: G1103-0631 | D54: 82140-2V900 | E54: FRT RH (RHD) | F54: 3854 | AL54: =SUM(G54:AK54) -> 0 | AM54: =AL54*F54 -> 0
C55: G1103-0632 | D55: 82130-2V900 | E55: FRT LH (RHD) | F55: 3772 | AL55: =SUM(G55:AK55) -> 0 | AM55: =AL55*F55 -> 0
C56: G1103-0633 | D56: 83130-2V900 | E56: RR LH (RHD) | F56: 3205 | L56: 14 | AL56: =SUM(G56:AK56) -> 14 | AM56: =AL56*F56 -> 44870 | AN56: =SUM(AM51:AM56) -> 646125
B57: AS | C57: G1160-0003-03 | D57: 81855XA100 | E57: MV1a Power Tail Gate Side Strip LH | F57: 1657 | AK57: 3 | AL57: =SUM(G57:AK57) -> 3 | AM57: =AL57*F57 -> 4971 | AN57: =AM57 -> 4971
C58: G1103-1871-01 | D58: 82130PI000 | E58: NE1a Door Side FR LH | F58: 4379 | AK58: 8 | AL58: =SUM(G58:AK58) -> 8 | AM58: =AL58*F58 -> 35032 | AN58: =AM58 -> 35032
C59: G1103-1872-01 | D59: 82140PI000 | E59: NE1a Door Side FR RH | F59: 4379 | AK59: 2 | AL59: =SUM(G59:AK59) -> 2 | AM59: =AL59*F59 -> 8758 | AN59: =AM59 -> 8758
C60: G1103-1874-01 | D60: 83140PI000 | E60: NE1a Door Side RR RH | F60: 4898 | AK60: 4 | AL60: =SUM(G60:AK60) -> 4 | AM60: =AL60*F60 -> 19592 | AN60: =AM60 -> 19592
C61: G1125-0082-01 | D61: 831A0TD000 | E61: ME1a Center Pillar Seal RR LH | F61: 1416 | AK61: 4 | AL61: =SUM(G61:AK61) -> 4 | AM61: =AL61*F61 -> 5664 | AN61: =AM61 -> 5664
C62: G1110-0171-01 | D62: 86455-BC000 | E62: BL7m Hood Seal (FRT) | F62: 1694 | AE62: 130 | AL62: =SUM(G62:AK62) -> 130 | AM62: =AL62*F62 -> 220220 | AN62: =AM62 -> 220220
AI63: TOTAL | AL63: =SUM(AL6:AL62) -> 178334 | AM63: =SUM(AM6:AM62) -> 830772611

Sheet OWF10(상품)
G3: 납품실적
A5: 공정 | B5: 차종 | C5: 화승품번 | D5: 고객품번 | E5: P/NAME | F5: 판매단가 | G5: 1 | H5: 2 | I5: 3 | J5: 4 | K5: 5 | L5: 6 | M5: 7 | N5: 8 | O5: 9 | P5: 10 | Q5: 11 | R5: 12 | S5: 13 | T5: 14 | U5: 15 | V5: 16 | W5: 17 | X5: 18 | Y5: 19 | Z5: 20 | AA5: 21 | AB5: 22 | AC5: 23 | AD5: 24 | AE5: 25 | AF5: 26 | AG5: 27 | AH5: 28 | AI5: 29 | AJ5: 30 | AK5: 31 | AL5: TOTAL | AM5: 매출금액
B6: DL3A | C6: F1102-2028-01 | D6: R1102-2028 | E6: FRT LH(4단) | F6: 4520 | AL6: =SUM(G6:AK6) -> 0 | AM6: =AL6*F6 -> 0
C7: F1102-2029-01 | D7: R1102-2029 | E7: FRT RH(4단) | F7: 4520 | AL7: =SUM(G7:AK7) -> 0 | AM7: =AL7*F7 -> 0 | AN7: =AM6+AM7 -> 0
A8: 다솜 | B8: JK 1 | C8: G1129-0062-00 | D8: 831C0-AR000 | E8: JK Wheel Seal RR LH | F8: 1546 | G8: 600 | I8: 600 | L8: 500 | M8: 300 | N8: 200 | O8: 500 | P8: 400 | S8: 600 | T8: 300 | V8: 300 | W8: 10 | AG8: 970 | AL8: =SUM(G8:AK8) -> 5280 | AM8: =AL8*F8 -> 8162880 | AN8: =SUM(AM8:AM11) -> 20237140
C9: G1129-0063-00 | D9: 831D0-AR000 | E9: JK Wheel Seal RR RH | F9: 1546 | G9: 600 | I9: 600 | L9: 500 | M9: 300 | N9: 200 | O9: 500 | P9: 200 | S9: 600 | T9: 300 | V9: 300 | W9: 200 | AG9: 1100 | AH9: 10 | AL9: =SUM(G9:AK9) -> 5410 | AM9: =AL9*F9 -> 8363860
C10: G1129-0062-01 | D10: 831C0-AR000 | E10: JK Wheel Seal RR LH(22라인) | F10: 1546 | L10: 82 | Z10: 1118 | AL10: =SUM(G10:AK10) -> 1200 | AM10: =AL10*F10 -> 1855200
C11: G1129-0063-01 | D11: 831D0-AR000 | E11: JK Wheel Seal RR RH(22라인) | F11: 1546 | L11: 230 | Z11: 970 | AL11: =SUM(G11:AK11) -> 1200 | AM11: =AL11*F11 -> 1855200
A12: 임가공 | B12: JK 1 | C12: F1129-0062-00 | D12: 831C0-AR000 | E12: JK Wheel Seal RR LH | F12: 1490 | AK12: 1690 | AL12: =SUM(G12:AK12) -> 1690 | AM12: =AL12*F12 -> 2518100
C13: F1129-0063-00 | D13: 831D0-AR000 | E13: JK Wheel Seal RR RH | F13: 1490 | AK13: 1690 | AL13: =SUM(G13:AK13) -> 1690 | AM13: =AL13*F13 -> 2518100
B14: PD | C14: G1102-1346-00 | D14: 82530-G3000 | E14: FRT LH | F14: 5333 | AE14: 2 | AL14: =SUM(G14:AK14) -> 2 | AM14: =AL14*F14 -> 10666
C15: G1102-1347-00 | D15: 82540-G3000 | E15: FRT RH | F15: 1258 | AL15: =SUM(G15:AK15) -> 0 | AM15: =AL15*F15 -> 0
C16: G1108-1348-00 | D16: 83530-3G000 | E16: RR LH | F16: 1773 | AL16: =SUM(G16:AK16) -> 0 | AM16: =AL16*F16 -> 0
C17: G1102-1350-00 | D17: 83540-G3000 | E17: RR RH | F17: 1773 | AL17: =SUM(G17:AK17) -> 0 | AM17: =AL17*F17 -> 0 | AN17: =SUM(AM14:AM17) -> 10666
A18: 다솜 | B18: NX 4 | C18: G1102-1973-00 | D18: 82530-9N000 | E18: FRT LH | F18: 5322 | G18: 1680 | H18: 960 | I18: 480 | L18: 480 | M18: 1200 | N18: 960 | O18: 720 | P18: 720 | T18: 1200 | U18: 241 | V18: 506 | AC18: 1200 | AD18: 480 | AG18: 1440 | AI18: 960 | AK18: 12 | AL18: =SUM(G18:AK18) -> 13239 | AM18: =AL18*F18 -> 70457958
C19: G1102-1974-00 | D19: 82540-9N000 | E19: FRT RH | F19: 5322 | G19: 1680 | H19: 960 | I19: 480 | L19: 480 | M19: 1200 | N19: 960 | O19: 720 | P19: 513 | T19: 1200 | U19: 241 | V19: 720 | AC19: 1200 | AD19: 480 | AE19: 5 | AG19: 1440 | AI19: 960 | AL19: =SUM(G19:AK19) -> 13239 | AM19: =SUM(AL19*F19) -> 70457958
C20: G1102-1973-01 | D20: 82530-9N000 | E20: NX4 Glass run FR LH 현대CKD | F20: 5322 | L20: 480 | P20: 241 | AI20: 420 | AL20: =SUM(G20:AK20) -> 1141 | AM20: =AL20*F20 -> 6072402
C21: G1102-1974-01 | D21: 82540-9N000 | E21: NX4 Glass run FR RH 현대CKD | F21: 5322 | L21: 480 | V21: 241 | AI21: 420 | AL21: =SUM(G21:AK21) -> 1141 | AM21: =SUM(AL21*F21) -> 6072402 | AN21: =SUM(AM18:AM21) -> 153060720
B22: NX 4 a | C22: G1102-2069-01 | D22: 82530-CW000 | E22: FRT LH | F22: 5800 | W22: 5760 | AH22: 5760 | AJ22: 1440 | AL22: =SUM(G22:AK22) -> 12960 | AM22: =AL22*F22 -> 75168000
C23: G1102-2070-01 | D23: 8250-CW000 | E23: FRT RH | F23: 5800 | W23: 5760 | AH23: 5760 | AJ23: 1440 | AL23: =SUM(G23:AK23) -> 12960 | AM23: =SUM(AL23*F23) -> 75168000 | AN23: =SUM(AM22:AM23) -> 150336000
B24: NX 4 M | C24: G1102-2069-02 | D24: 82530-CW000 | E24: FRT LH | F24: 1597 | AL24: =SUM(G24:AK24) -> 0 | AM24: =AL24*F24 -> 0
C25: G1102-2070-02 | D25: 8250-CW000 | E25: FRT RH | F25: 1597 | AL25: =SUM(G25:AK25) -> 0 | AM25: =SUM(AL25*F25) -> 0 | AN25: =SUM(AM24:AM25) -> 0
B26: DS | C26: G1103-2081-01 | D26: 55112362AI | E26: DS(CREW) Door Side RR RH | F26: 5845 | H26: 1920 | I26: 1280 | L26: 1600 | O26: 1280 | S26: 1280 | T26: 1280 | V26: 1280 | W26: 320 | Z26: 320 | AB26: 960 | AC26: 640 | AD26: 640 | AE26: 640 | AG26: 1280 | AI26: 1280 | AK26: 1280 | AL26: =SUM(G26:AK26) -> 17280 | AM26: =SUM(AL26*F26) -> 101001600
C27: G1103-2082-01 | D27: 55112363AI | E27: DS(CREW) Door Side RR LH | F27: 5845 | H27: 1280 | I27: 960 | L27: 1600 | O27: 1280 | P27: 640 | S27: 1280 | T27: 1280 | V27: 1280 | Z27: 320 | AB27: 2240 | AC27: 640 | AD27: 640 | AE27: 640 | AG27: 1280 | AI27: 640 | AJ27: 960 | AK27: 1920 | AL27: =SUM(G27:AK27) -> 18880 | AM27: =SUM(AL27*F27) -> 110353600
C28: G1103-1562-00 | D28: 55112362AH | E28: DS(CREW) Door Side RR RH(미) | F28: 5791 | AL28: =SUM(G28:AK28) -> 0 | AM28: =SUM(AL28*F28) -> 0
C29: G1103-1563-03 | D29: 55112363AH | E29: DS(CREW) Door Side RR LH(미) | F29: 5845 | AL29: =SUM(G29:AK29) -> 0 | AM29: =SUM(AL29*F29) -> 0
C30: G1103-1499-00 | D30: 55112374AH | E30: DS(QUAD) Door Side RR RH (설변) | F30: 5905 | AL30: =SUM(G30:AK30) -> 0 | AM30: =SUM(AL30*F30) -> 0
C31: G1103-1504-00 | D31: 55112375AH | E31: DS(QUAD) Door Side RR LH (설변) | F31: 5905 | AL31: =SUM(G31:AK31) -> 0 | AM31: =SUM(AL31*F31) -> 0
C32: G1103-2085-00 | D32: 68563582AC | E32: DS(TRUCK) Door Side FR RH | F32: 5694 | I32: 280 | V32: 560 | AG32: 280 | AL32: =SUM(G32:AK32) -> 1120 | AM32: =SUM(AL32*F32) -> 6377280
C33: G1103-2086-00 | D33: 68563583AC | E33: DS(TRUCK) Door Side FR LH | F33: 6154 | I33: 280 | V33: 560 | AG33: 280 | AL33: =SUM(G33:AK33) -> 1120 | AM33: =SUM(AL33*F33) -> 6892480 | AN33: =SUM(AM26:AM33) -> 224624960
B34: DT | C34: G1103-1506-00 | D34: 68291620AD | E34: DT(CREW) Door Side RR RH | F34: 5841 | AL34: =SUM(G34:AK34) -> 0 | AM34: =SUM(AL34*F34) -> 0
C35: G1103-1507-00 | D35: 68291621AD | E35: DT(CREW) Door Side RR LH | F35: 5841 | AL35: =SUM(G35:AK35) -> 0 | AM35: =SUM(AL35*F35) -> 0
C36: G1103-2137-01 | D36: 68291620AD | E36: DT(CREW) Door Side RR RH (CREW) | F36: 6206 | I36: 6480 | P36: 6120 | U36: 720 | Z36: 6480 | AD36: 6480 | AK36: 6120 | AL36: =SUM(G36:AK36) -> 32400 | AM36: =SUM(AL36*F36) -> 201074400
C37: G1103-2138-01 | D37: 68291621AD | E37: DT(CREW) Door Side RR LH (CREW) | F37: 6206 | I37: 6480 | P37: 6120 | U37: 720 | Z37: 6480 | AD37: 6480 | AK37: 6120 | AL37: =SUM(G37:AK37) -> 32400 | AM37: =SUM(AL37*F37) -> 201074400 | AN37: =SUM(AM34:AM37) -> 402148800 | AP37: =AN45+AN39+AN33+AN23 -> 842038080
C38: G1103-2139-01 | D38: 68291618AD | E38: DT(QUAD) Door Side RR RH | F38: 6216 | P38: 360 | AK38: 360 | AL38: =SUM(G38:AK38) -> 720 | AM38: =SUM(AL38*F38) -> 4475520
C39: G1103-2140-01 | D39: 68291619AD | E39: DT(QUAD) Door Side RR LH | F39: 6216 | P39: 360 | AK39: 360 | AL39: =SUM(G39:AK39) -> 720 | AM39: =SUM(AL39*F39) -> 4475520 | AN39: =SUM(AM34:AM39) -> 411099840
B40: ME1a | C40: G1125-0083-01 | D40: 831B0TD000 | E40: ME1a Center Pillar Seal RR RH | F40: 1283 | AL40: =SUM(G40:AK40) -> 0 | AM40: =SUM(AL40*F40) -> 0
C41: G1125-0082-01 | D41: 831A0TD000 | E41: ME1a Center Pillar Seal RR LH | F41: 1283 | AL41: =SUM(G41:AK41) -> 0 | AM41: =SUM(AL41*F41) -> 0
B42: NE1a | C42: G1103-1871-02 | D42: 82130PI000 | E42: NE1a Door Side FR LH | F42: 4379 | H42: 320 | N42: 320 | Q42: 320 | V42: 320 | AC42: 640 | AD42: 320 | AI42: 320 | AJ42: 320 | AL42: =SUM(G42:AK42) -> 2880 | AM42: =SUM(AL42*F42) -> 12611520
C43: G1103-1872-02 | D43: 82140PI000 | E43: NE1a Door Side FR RH | F43: 4379 | H43: 320 | N43: 320 | Q43: 320 | V43: 320 | AC43: 640 | AD43: 320 | AI43: 320 | AJ43: 320 | AK43: 320 | AL43: =SUM(G43:AK43) -> 3200 | AM43: =SUM(AL43*F43) -> 14012800
C44: G1103-1873-02 | D44: 83130PI000 | E44: NE1a Door Side RR LH | F44: 4898 | H44: 320 | N44: 320 | Q44: 320 | V44: 320 | AC44: 640 | AD44: 320 | AI44: 320 | AJ44: 320 | AL44: =SUM(G44:AK44) -> 2880 | AM44: =SUM(AL44*F44) -> 14106240
C45: G1103-1874-02 | D45: 83140PI000 | E45: NE1a Door Side RR RH | F45: 5294 | H45: 320 | N45: 320 | Q45: 320 | V45: 320 | AC45: 640 | AD45: 320 | AI45: 320 | AJ45: 320 | AL45: =SUM(G45:AK45) -> 2880 | AM45: =SUM(AL45*F45) -> 15246720 | AN45: =SUM(AM42:AM45) -> 55977280
A46: 다솜 | B46: P417 | C46: G1109-0251-02 | D46: 6608258819 | E46: P417 Upper Opening LH | F46: 6411 | H46: 100 | L46: 60 | Z46: 60 | AL46: =SUM(G46:AK46) -> 220 | AM46: =SUM(AL46*F46) -> 1410420
C47: G1109-0252-02 | D47: 6608258820 | E47: P417 Upper Opening RH | F47: 6411 | H47: 100 | L47: 80 | Z47: 60 | AL47: =SUM(G47:AK47) -> 240 | AM47: =SUM(AL47*F47) -> 1538640 | AN47: =SUM(AM46:AM47) -> 2949060
Y48: . | AI48: TOTAL | AL48: =SUM(AL6:AL25) -> 71152 | AM48: =SUM(AM6:AM47) -> 1023331866

Sheet OWF101
F3: 납품실적
A5: 공정 | B5: 차종 | C5: 고객품번 | D5: P/NAME | E5: 판매단가 | F5: 1 | G5: 2 | H5: 3 | I5: 4 | J5: 5 | K5: 6 | L5: 7 | M5: 8 | N5: 9 | O5: 10 | P5: 11 | Q5: 12 | R5: 13 | S5: 14 | T5: 15 | U5: 16 | V5: 17 | W5: 18 | X5: 19 | Y5: 20 | Z5: 21 | AA5: 22 | AB5: 23 | AC5: 24 | AD5: 25 | AE5: 26 | AF5: 27 | AG5: 28 | AH5: 29 | AI5: 30 | AJ5: 31 | AK5: TOTAL | AL5: 매출금액
A6: EPDM | B6: M200 | C6: P96 601 512 | D6: FRT LH | E6: 539 | AK6: =SUM(F6:AJ6) -> 0 | AL6: =E6*AK6 -> 0
C7: P96 601 513 | D7: FRT RH | E7: 539 | AK7: =SUM(F7:AJ7) -> 0 | AL7: =E7*AK7 -> 0
C8: P96 601 514 | D8: RR LH | E8: 541 | AK8: =SUM(F8:AJ8) -> 0 | AL8: =E8*AK8 -> 0
C9: P96 601 515 | D9: RR RH | E9: 562 | AK9: =SUM(F9:AJ9) -> 0 | AL9: =E9*AK9 -> 0 | AM9: =SUM(AL6:AL9) -> 0
B10: M300 KD | C10: 95215384 | D10: FRT LH | E10: 747 | AK10: =SUM(F10:AJ10) -> 0 | AL10: =E10*AK10 -> 0
C11: 95215385 | D11: FRT RH | E11: 747 | AK11: =SUM(F11:AJ11) -> 0 | AL11: =E11*AK11 -> 0
C12: 95971339 | D12: RR LH | E12: 706 | AK12: =SUM(F12:AJ12) -> 0 | AL12: =E12*AK12 -> 0
C13: 95971340 | D13: RR RH | E13: 706 | AK13: =SUM(F13:AJ13) -> 0 | AL13: =E13*AK13 -> 0 | AM13: =SUM(AL10:AL13) -> 0
B14: M300 F | C14: 95297763 | D14: FRT LH | E14: 863 | AK14: =SUM(F14:AJ14) -> 0 | AL14: =E14*AK14 -> 0
C15: 95297764 | D15: FRT RH | E15: 863 | AK15: =SUM(F15:AJ15) -> 0 | AL15: =E15*AK15 -> 0
C16: 42348903 | D16: RR LH(신) | E16: 831 | AK16: =SUM(F16:AJ16) -> 0 | AL16: =E16*AK16 -> 0
C17: 42348904 | D17: RR RH(신) | E17: 831 | AK17: =SUM(F17:AJ17) -> 0 | AL17: =E17*AK17 -> 0
C18: 9515 7180 | D18: RR LH(구) | E18: 831 | AK18: =SUM(F18:AJ18) -> 0 | AL18: =E18*AK18 -> 0
C19: 9515 7181 | D19: RR RH(구) | E19: 831 | AK19: =SUM(F19:AJ19) -> 0 | AL19: =E19*AK19 -> 0 | AM19: =SUM(AL14:AL19) -> 0
B20: M300 MCE | C20: 95319954 | D20: FRT LH | E20: 749 | AK20: =SUM(F20:AJ20) -> 0 | AL20: =E20*AK20 -> 0
C21: 95319955 | D21: FRT RH | E21: 708 | AK21: =SUM(F21:AJ21) -> 0 | AL21: =E21*AK21 -> 0
C22: 42348901 | D22: RR LH | E22: 668 | AK22: =SUM(F22:AJ22) -> 0 | AL22: =E22*AK22 -> 0
C23: 42348902 | D23: RR RH | E23: 668 | AK23: =SUM(F23:AJ23) -> 0 | AL23: =E23*AK23 -> 0 | AM23: =SUM(AL20:AL23) -> 0
AK24: =SUM(AK6:AK23) -> 0 | AL24: =SUM(AL6:AL23) -> 0

Sheet TNC(tncol)
F3: 납품실적
A5: 공정 | B5: 차종 | C5: 고객품번 | D5: P/NAME | E5: 판매단가 | F5: 1 | G5: 2 | H5: 3 | I5: 4 | J5: 5 | K5: 6 | L5: 7 | M5: 8 | N5: 9 | O5: 10 | P5: 11 | Q5: 12 | R5: 13 | S5: 14 | T5: 15 | U5: 16 | V5: 17 | W5: 18 | X5: 19 | Y5: 20 | Z5: 21 | AA5: 22 | AB5: 23 | AC5: 24 | AD5: 25 | AE5: 26 | AF5: 27 | AG5: 28 | AH5: 29 | AI5: 30 | AJ5: 31 | AK5: TOTAL | AL5: 매출금액
A6: TNCOL | B6: XM | C6: 82530-2P000 | D6: FRT LH | E6: 2629 | AK6: =SUM(F6:AJ6) -> 0 | AL6: =E6*AK6 -> 0
C7: 82540-2P000 | D7: FRT RH | E7: 2629 | AK7: =SUM(F7:AJ7) -> 0 | AL7: =E7*AK7 -> 0
C8: 83530-2P000 | D8: RR LH | E8: 2756 | AK8: =SUM(F8:AJ8) -> 0 | AL8: =E8*AK8 -> 0
C9: 83540-2P000 | D9: RR RH | E9: 2756 | AK9: =SUM(F9:AJ9) -> 0 | AL9: =E9*AK9 -> 0 | AM9: =SUM(AL6:AL9) -> 0
B10: H45 | C10: 803310407R | D10: FRT LH | E10: 4980 | AK10: =SUM(F10:AJ10) -> 0 | AL10: =E10*AK10 -> 0
C11: 803300148R | D11: FRT RH | E11: 5021 | AK11: =SUM(F11:AJ11) -> 0 | AL11: =E11*AK11 -> 0
C12: G1102-1174-00 | D12: RR LH | E12: 4356 | AK12: =SUM(F12:AJ12) -> 0 | AL12: =E12*AK12 -> 0
C13: 823307754R | D13: RR RH | E13: 4337 | AK13: =SUM(F13:AJ13) -> 0 | AL13: =E13*AK13 -> 0 | AM13: =SUM(AL10:AL13) -> 0
B14: HI | C14: 82231-D2000 | D14: FRT LH | E14: 2615 | AJ14: 12 | AK14: =SUM(F14:AJ14) -> 12 | AL14: =E14*AK14 -> 31380
C15: 82241-D2000 | D15: FRT RH | E15: 2615 | AK15: =SUM(F15:AJ15) -> 0 | AL15: =E15*AK15 -> 0
C16: 83231-D2000 | D16: RR LH | E16: 4053 | AJ16: 1 | AK16: =SUM(F16:AJ16) -> 1 | AL16: =E16*AK16 -> 4053
C17: 83241-D2000 | D17: RR RH | E17: 4053 | AK17: =SUM(F17:AJ17) -> 0 | AL17: =E17*AK17 -> 0
C18: 83231-D2500 | D18: RR LH | E18: 3887 | AK18: =SUM(F18:AJ18) -> 0 | AL18: =E18*AK18 -> 0
C19: 83241-D2500 | D19: RR RH | E19: 3863 | AK19: =SUM(F19:AJ19) -> 0 | AL19: =E19*AK19 -> 0 | AM19: =SUM(AL14:AL19) -> 35433
B20: VI | C20: 82231-3N000 | D20: FRT LH | E20: 1469 | AK20: =SUM(F20:AJ20) -> 0 | AL20: =E20*AK20 -> 0
C21: 82241-3N000 | D21: FRT RH | E21: 1531 | AJ21: 6 | AK21: =SUM(F21:AJ21) -> 6 | AL21: =E21*AK21 -> 9186
C22: 83231-3N000 | D22: RR LH | E22: 1655 | AK22: =SUM(F22:AJ22) -> 0 | AL22: =E22*AK22 -> 0
C23: 83241-3N000 | D23: RR RH | E23: 1662 | AJ23: 5 | AK23: =SUM(F23:AJ23) -> 5 | AL23: =E23*AK23 -> 8310
C24: 83231-3N500 | D24: RR LH | E24: 1679 | AK24: =SUM(F24:AJ24) -> 0 | AL24: =E24*AK24 -> 0
C25: 83241-3N500 | D25: RR RH | E25: 1679 | AK25: =SUM(F25:AJ25) -> 0 | AL25: =E25*AK25 -> 0 | AM25: =SUM(AL20:AL25) -> 17496
AK26: =SUM(AK6:AK25) -> 24 | AL26: =SUM(AL6:AL25) -> 52929
AB28: 0월 마감금액 | AK28: =SUM(AL26+AL27) -> 52929
AB29: .

Sheet PCM 07월
C1: 1 | D1: 2 | E1: 3 | F1: 4 | G1: 5 | H1: 6 | I1: 7 | J1: 8 | K1: 9 | L1: 10 | M1: 11 | N1: 12 | O1: 13 | P1: 14 | Q1: 15 | R1: 16 | S1: 17 | T1: 18 | U1: 19 | V1: 20 | W1: 21 | X1: 22 | Y1: 23 | Z1: 24 | AA1: 25 | AB1: 26 | AC1: 27 | AD1: 28 | AE1: 29 | AF1: 30 | AG1: 31 | AH1: 32 | AI1: 33 | AJ1: 34 | AK1: 35 | AL1: 36
A2: 07월 납품실적
A4: 납품실적 | B4: 업체 | C4: 화승품번 | E4: 판매단가 | F4: 1 | G4: 2 | H4: 3 | I4: 4 | J4: 5 | K4: 6 | L4: 7 | M4: 8 | N4: 9 | O4: 10 | P4: 11 | Q4: 12 | R4: 13 | S4: 14 | T4: 15 | U4: 16 | V4: 17 | W4: 18 | X4: 19 | Y4: 20 | Z4: 21 | AA4: 22 | AB4: 23 | AC4: 24 | AD4: 25 | AE4: 26 | AF4: 27 | AG4: 28 | AH4: 29 | AI4: 30 | AJ4: 31 | AK4: TOTAL | AL4: 매출금액
A5: PCM | B5: 화승T&C | D5: EN D/SIDE B FRT | E5: 1117 | AK5: =SUM(F5:AJ5) -> 0 | AL5: =E5*AK5 -> 0 | AN5: PCM 1호 | AO5: =SUM(AL5:AL175) -> 934505308
D6: EN D/SIDE B RR | E6: 1307 | AK6: =SUM(F6:AJ6) -> 0 | AL6: =E6*AK6 -> 0 | AN6: PCM 2호 | AO6: =SUM(AL177:AL177) -> 0
D7: J-300 FRT HOOD | E7: 747 | AK7: =SUM(F7:AJ7) -> 0 | AL7: =E7*AK7 -> 0 | AN7: TOTAL | AO7: =SUM(AO5:AO6) -> 934505308
D8: TQPLUG(11.8*3T) | E8: 276 | AK8: =SUM(F8:AJ8) -> 0 | AL8: =E8*AK8 -> 0
D9: FC PLUG(9.7*2T) | E9: 200 | AK9: =SUM(F9:AJ9) -> 0 | AL9: =E9*AK9 -> 0
D10: GM D/SIDE FRT(J309) | E10: 1951 | AK10: =SUM(F10:AJ10) -> 0 | AL10: =E10*AK10 -> 0
D11: GM D/SIDE RR(J309) | E11: 2042 | AK11: =SUM(F11:AJ11) -> 0 | AL11: =E11*AK11 -> 0
D12: MPV-7 HOOD(J309) | E12: 796 | AK12: =SUM(F12:AJ12) -> 0 | AL12: =E12*AK12 -> 0
D13: MPV-7 D/SIDE FRT | E13: 1941 | AK13: =SUM(F13:AJ13) -> 0 | AL13: =E13*AK13 -> 0
D14: MPV-7 D/SIDE RR | E14: 1927 | AK14: =SUM(F14:AJ14) -> 0 | AL14: =E14*AK14 -> 0
D15: VF 무절단 | E15: 450 | AK15: =SUM(F15:AJ15) -> 0 | AL15: =E15*AK15 -> 0
D16: PF D/SIDE무절단 | E16: 400 | AK16: =SUM(F16:AJ16) -> 0 | AL16: =E16*AK16 -> 0
D17: VF RR "B"(4DR)2730mm | E17: 1140 | AK17: =SUM(F17:AJ17) -> 0 | AL17: =E17*AK17 -> 0
D18: VF RR "B"(5DR)2770mm | E18: 1152 | AK18: =SUM(F18:AJ18) -> 0 | AL18: =E18*AK18 -> 0 | AM18: ㈜화승T&C TOTAL수량 | AN18: ㈜화승T&C 매출금액
D19: GM 무절단 | E19: 533 | AK19: =SUM(F19:AJ19) -> 0 | AL19: =E19*AK19 -> 0
D20: RP "B"단면 무절단 | E20: 414 | AK20: =SUM(F20:AJ20) -> 0 | AL20: =E20*AK20 -> 0 | AM20: =SUM(AK5:AK21) -> 0 | AN20: =SUM(AL5:AL21) -> 0
D21: LM 무절단 "B" | E21: 394 | AK21: =SUM(F21:AJ21) -> 0 | AL21: =E21*AK21 -> 0
B22: 오륙 | C22: G2110-0033 | D22: SC HOOD | E22: 1249 | AK22: =SUM(F22:AJ22) -> 0 | AL22: =E22*AK22 -> 0
B23: 오륙 | D23: HC HOOD | E23: 964 | AK23: =SUM(F23:AJ23) -> 0 | AL23: =E23*AK23 -> 0
B24: 오륙 | C24: G2119-0167 | D24: BDM Hood SECT "A" | E24: 953 | AK24: =SUM(F24:AJ24) -> 0 | AL24: =E24*AK24 -> 0
B25: 오륙 | C25: G1110-0175-03 | D25: MV1a HOOD SEAL (FRUNK) | E25: 1662 | AK25: =SUM(F25:AJ25) -> 0 | AL25: =E25*AK25 -> 0
B26: 오륙 | C26: G1110-0184-01 | D26: ME1a HOOD SEAL (FRUNK) | E26: 1804 | AK26: =SUM(F26:AJ26) -> 0 | AL26: =E26*AK26 -> 0
B27: 오륙 | C27: G2103-2373 | D27: CL4 D/SIDE RR "C" | E27: 1120 | K27: 1680 | R27: 1680 | Y27: 1680 | AF27: 1680 | AI27: 3360 | AK27: =SUM(F27:AJ27) -> 10080 | AL27: =E27*AK27 -> 11289600
B28: 오륙 | C28: G2103-2374 | D28: CL4 D/SIDE RR "D" | E28: 1200 | K28: 1680 | R28: 1680 | Y28: 1680 | AF28: 1680 | AI28: 3360 | AK28: =SUM(F28:AJ28) -> 10080 | AL28: =E28*AK28 -> 12096000
B29: 오륙 | C29: G2103-2225 | D29: NQ5A D/SIDE RR "C" | E29: 1089 | K29: 1680 | R29: 1680 | Y29: 1680 | AF29: 1680 | AI29: 1680 | AK29: =SUM(F29:AJ29) -> 8400 | AL29: =E29*AK29 -> 9147600
B30: 오륙 | C30: G2103-2226 | D30: NQ5A D/SIDE RR "D" | E30: 1158 | K30: 1680 | R30: 1680 | Y30: 1680 | AF30: 1680 | AI30: 1680 | AK30: =SUM(F30:AJ30) -> 8400 | AL30: =E30*AK30 -> 9727200
B31: 오륙 | C31: G1110-0050-00 | D31: HOOD CUTLINE SEAL | E31: 2157 | AK31: =SUM(F31:AJ31) -> 0 | AL31: =E31*AK31 -> 0
B32: 오륙 | C32: G1110-0147-00 | D32: KL(MCA) Hood Seal FR | E32: 1023 | AK32: =SUM(F32:AJ32) -> 0 | AL32: =E32*AK32 -> 0
B33: 오륙 | C33: G1110-0058-00 | D33: HOOD SURROUND SEAL | E33: 4526 | AK33: =SUM(F33:AJ33) -> 0 | AL33: =E33*AK33 -> 0
B34: 오륙 | C34: G1110-0050-00 | D34: UF HOOD | E34: 2157 | AK34: =SUM(F34:AJ34) -> 0 | AL34: =E34*AK34 -> 0
B35: 오륙 | C35: G1119-0066-02 | D35: HOOD SEAL | E35: 850 | AK35: =SUM(F35:AJ35) -> 0 | AL35: =E35*AK35 -> 0
B36: 오륙 | C36: G1110-0055-03 | D36: LFA Hood Seal RR | E36: 936 | AK36: =SUM(F36:AJ36) -> 0 | AL36: =E36*AK36 -> 0
B37: SHC | C37: G1142-0020-00 | D37: WK Lift Gate Cutline Seal | E37: 684 | AK37: =SUM(F37:AJ37) -> 0 | AL37: =E37*AK37 -> 0 | AM37: 서지연
B38: SHC | C38: G1100-0783-01 | D38: WK WHEEL HOUSE SEAL LH | E38: 676 | AK38: =SUM(F38:AJ38) -> 0 | AL38: =E38*AK38 -> 0 | AM38: =SUM(AL22:AL87) -> 732112080 | AN38: ='매입-매출 정리본'!K75 -> 842038080
B39: SHC | C39: G1100-0782-01 | D39: WK WHEEL HOUSE SEAL RH | E39: 676 | AK39: =SUM(F39:AJ39) -> 0 | AL39: =E39*AK39 -> 0
B40: SHC | C40: G1131-7612-01 | D40: DT SILL SEAL FRT(CREW) | E40: 849 | AK40: =SUM(F40:AJ40) -> 0 | AL40: =E40*AK40 -> 0 | AM40: =AN38+AM38 -> 1574150160
B41: SHC | C41: G1131-7613-01 | D41: DT SILL SEAL RR(CREW) | E41: 892 | AK41: =SUM(F41:AJ41) -> 0 | AL41: =E41*AK41 -> 0
B42: SHC | C42: G1131-7615-01 | D42: DT SILL SEAL RR(QUAD) | E42: 652 | AK42: =SUM(F42:AJ42) -> 0 | AL42: =E42*AK42 -> 0
A43: 수성품번 | B43: SHC | C43: G1131-7643-01 | D43: DT(CREW) Sill Seal FR | E43: 786 | H43: 7200 | N43: 12000 | O43: 4800 | Y43: 16800 | AA43: 2400 | AB43: 4800 | AJ43: 12000 | AK43: =SUM(F43:AJ43) -> 60000 | AL43: =E43*AK43 -> 47160000
A44: 수성품번 | B44: SHC | C44: G1131-7644-01 | D44: DT(CREW) Sill Seal RR | E44: 826 | H44: 7200 | N44: 7200 | O44: 4800 | Y44: 19200 | AA44: 2400 | AB44: 4800 | AJ44: 12000 | AK44: =SUM(F44:AJ44) -> 57600 | AL44: =E44*AK44 -> 47577600
B45: SHC | C45: G1131-7645-00 | D45: DT(QUAD) Sill Seal RR | E45: 604 | AA45: 2160 | AK45: =SUM(F45:AJ45) -> 2160 | AL45: =E45*AK45 -> 1304640
B46: 유성 | C46: G1110-0135-00 | D46: DT(CREW) Hood Seal FR | E46: 4914 | AK46: =SUM(F46:AJ46) -> 0 | AL46: =E46*AK46 -> 0
B47: 유성 | C47: G1110-0217-00 | D47: DT(CREW) Hood Seal FR | E47: 5221 | O47: 6720 | Y47: 6720 | AG47: 6720 | AI47: 6720 | AK47: =SUM(F47:AJ47) -> 26880 | AL47: =E47*AK47 -> 140340480
B48: LK 오토 | C48: G1110-0171-00 | D48: BL7m FRT HOOD | E48: 1802 | F48: 1600 | K48: 1600 | P48: 1600 | R48: 800 | Y48: 2000 | AC48: 800 | AJ48: 2400 | AK48: =SUM(F48:AJ48) -> 10800 | AL48: =E48*AK48 -> 19461600
B49: LK 오토 | C49: G1119-0247-00 | D49: BL7m RR HOOD | E49: 1093 | H49: 1600 | R49: 3200 | Y49: 4000 | AJ49: 4800 | AK49: =SUM(F49:AJ49) -> 13600 | AL49: =E49*AK49 -> 14864800
B50: LK 오토 | C50: G2110-0130-00 | D50: BL7m FRT HOOD SECT"A" | E50: 1173 | AK50: =SUM(F50:AJ50) -> 0 | AL50: =E50*AK50 -> 0
B51: LK 오토 | C51: G1132-0003-01 | D51: DT(CREW) Cab Seal (horizental) | E51: 2390 | AK51: =SUM(F51:AJ51) -> 0 | AL51: =E51*AK51 -> 0
B52: LK 오토 | C52: G1132-0004-01 | D52: DT(CREW) Cab Seal RH (Vertical) | E52: 1264 | AK52: =SUM(F52:AJ52) -> 0 | AL52: =E52*AK52 -> 0
B53: LK 오토 | C53: G1132-0005-01 | D53: DT(CREW) Cab Seal LH (Vertical) | E53: 1264 | AK53: =SUM(F53:AJ53) -> 0 | AL53: =E53*AK53 -> 0
A54: 수성품번 | B54: LK 오토 | C54: G1132-0007-00 | D54: DT(CREW) Cab Seal (horizental) | E54: 2212 | H54: 2400 | N54: 4800 | T54: 2880 | U54: 5760 | AA54: 3840 | AC54: 1920 | AJ54: 3360 | AK54: =SUM(F54:AJ54) -> 24960 | AL54: =E54*AK54 -> 55211520
A55: 수성품번 | B55: LK 오토 | C55: G1132-0008-00 | D55: DT(CREW) Cab Seal RH (Vertical) | E55: 1169 | H55: 4800 | N55: 4800 | U55: 6720 | AA55: 3840 | AJ55: 3840 | AK55: =SUM(F55:AJ55) -> 24000 | AL55: =E55*AK55 -> 28056000
A56: 수성품번 | B56: LK 오토 | C56: G1132-0009-00 | D56: DT(CREW) Cab Seal LH (Vertical) | E56: 1169 | H56: 4800 | N56: 4800 | U56: 6720 | AA56: 3840 | AJ56: 3840 | AK56: =SUM(F56:AJ56) -> 24000 | AL56: =E56*AK56 -> 28056000
B57: 부림텍 | C57: G1110-0153-00 | D57: SU2ID HOOD SEAL | E57: 1454 | AK57: =SUM(F57:AJ57) -> 0 | AL57: =E57*AK57 -> 0
B58: 부림텍 | C58: G1110-0159-00 | D58: KS HOOD SEAL FRT | E58: 1190 | AF58: 1200 | AK58: =SUM(F58:AJ58) -> 1200 | AL58: =E58*AK58 -> 1428000
B59: 부림텍 | C59: G1110-0160-00 | D59: KS HOOD SEAL RR | E59: 1177 | AK59: =SUM(F59:AJ59) -> 0 | AL59: =E59*AK59 -> 0
B60: 부림텍 | C60: G1110-0199-01 | D60: KS PE HOOD SEAL | E60: 1 | AK60: =SUM(F60:AJ60) -> 0 | AL60: =E60*AK60 -> 0
B61: 부림텍 | C61: G1110-0146-00 | D61: KL(MCA) Hood Seal RR | E61: 3070 | AK61: =SUM(F61:AJ61) -> 0 | AL61: =E61*AK61 -> 0
B62: 부림텍 | C62: G1119-0206-02 | D62: DL3A HOOD RR | E62: 1134 | AK62: =SUM(F62:AJ62) -> 0 | AL62: =E62*AK62 -> 0 | AN62: 1년간후드단가 원복안함-대신 효신으로 계산서발행-전무님 말씀
B63: 부림텍 | C63: G1110-0112-00 | D63: TMA HOOD STAL | E63: 1107 | AK63: =SUM(F63:AJ63) -> 0 | AL63: =E63*AK63 -> 0
B64: 부림텍 | C64: G1119-0213-02 | D64: CN7A HOOD | E64: 1272 | AK64: =SUM(F64:AJ64) -> 0 | AL64: =E64*AK64 -> 0 | AN64: 차액 | AO64: 금액
B65: 부림텍 | C65: G1119-0144-00 | D65: ON HOOD SRAL FRT | E65: 1566 | AK65: =SUM(F65:AJ65) -> 0 | AL65: =E65*AK65 -> 0 | AM65: =AK65 -> 0 | AN65: 180 | AO65: =AK65*AN65 -> 0
B66: 부림텍 | C66: G1110-0099-00 | D66: ON HOOD SEAL(RR) | E66: 1338 | AK66: =SUM(F66:AJ66) -> 0 | AL66: =E66*AK66 -> 0 | AM66: =AK66 -> 0 | AN66: 154 | AO66: =AK66*AN66 -> 0
B67: 부림텍 | C67: G1110-0162-01 | D67: NQ5a Hood Seal (FRT) | E67: 1313 | Y67: 3200 | AD67: 1600 | AJ67: 3200 | AK67: =SUM(F67:AJ67) -> 8000 | AL67: =E67*AK67 -> 10504000 | AM67: =AK67 -> 8000 | AN67: 140 | AO67: =AK67*AN67 -> 1120000
B68: 부림텍 | C68: G1110-0162-03 | D68: NQ5a Hood Seal (FRT) (HEV) | E68: 1215 | M68: 3200 | O68: 1600 | AK68: =SUM(F68:AJ68) -> 4800 | AL68: =E68*AK68 -> 5832000 | AM68: =AK68 -> 4800 | AN68: 140 | AO68: =AK68*AN68 -> 672000
B69: 부림텍 | C69: G1119-0224-02 | D69: NQ5A HOOD RR | E69: 1590 | U69: 1920 | AD69: 960 | AJ69: 3840 | AK69: =SUM(F69:AJ69) -> 6720 | AL69: =E69*AK69 -> 10684800 | AM69: =AK69 -> 6720 | AN69: 169 | AO69: =AK69*AN69 -> 1135680
A70: 수성 | B70: 부림텍 | C70: G1119-0224-04 | D70: NQ5a Hood (RR) (HEV) | E70: 1471 | G70: 2880 | M70: 960 | AK70: =SUM(F70:AJ70) -> 3840 | AL70: =E70*AK70 -> 5648640 | AM70: =AK70 -> 3840 | AN70: 169 | AO70: =AK70*AN70 -> 648960
B71: 부림텍 | C71: G1119-0191-02 | D71: DN8A HOOD RR | E71: 1104 | AK71: =SUM(F71:AJ71) -> 0 | AL71: =E71*AK71 -> 0 | AM71: =AK71 -> 0
B72: 부림텍 | C72: G2119-0258 | D72: MX5a Hood SECT "A" | E72: 1347 | M72: 1920 | T72: 2880 | AD72: 1920 | AF72: 2880 | AK72: =SUM(F72:AJ72) -> 9600 | AL72: =E72*AK72 -> 12931200 | AM72: =AK72 -> 9600
B73: 부림텍 | C73: G1119-0212-03 | D73: MQ4A HOOD | E73: 1460 | G73: 960 | M73: 960 | U73: 960 | Y73: 960 | AK73: =SUM(F73:AJ73) -> 3840 | AL73: =E73*AK73 -> 5606400 | AM73: =AK73 -> 3840 | AN73: 115 | AO73: =AK73*AN73 -> 441600
B74: 부림텍 | C74: G1119-0271-02 | D74: ME1a Hood | E74: 1493 | AK74: =SUM(F74:AJ74) -> 0 | AL74: =E74*AK74 -> 0 | AM74: =AK74 -> 0
B75: 부림텍 | C75: G1119-0245-02 | D75: CL4 Hood FRT | E75: 1084 | H75: 3200 | O75: 6400 | U75: 3200 | AC75: 3200 | AJ75: 6400 | AK75: =SUM(F75:AJ75) -> 22400 | AL75: =E75*AK75 -> 24281600 | AM75: =AK75 -> 22400 | AN75: 115 | AO75: =AK75*AN75 -> 2576000
B76: 부림텍 | C76: G1110-0170-03 | D76: CL4 Hood RR | E76: 1634 | H76: 4800 | O76: 5760 | U76: 4800 | AC76: 4800 | AJ76: 4800 | AK76: =SUM(F76:AJ76) -> 24960 | AL76: =E76*AK76 -> 40784640 | AM76: =AK76 -> 24960 | AN76: 174 | AO76: =AK76*AN76 -> 4343040
B77: 부림텍 | C77: G1152-0046-02 | D77: CL4 Hood Side Seal | E77: 900 | H77: 4800 | O77: 9600 | U77: 9600 | AC77: 9600 | AJ77: 9600 | AK77: =SUM(F77:AJ77) -> 43200 | AL77: =E77*AK77 -> 38880000 | AM77: =AK77 -> 43200 | AN77: 96 | AO77: =AK77*AN77 -> 4147200
B78: 부림텍 | C78: G1110-0174-01 | D78: MV1a HOOD FRT | E78: 1246 | G78: 1600 | AK78: =SUM(F78:AJ78) -> 1600 | AL78: =E78*AK78 -> 1993600 | AO78: =SUM(AO65:AO77) -> 15084480
B79: 부림텍 | C79: G1119-0252-01 | D79: MV1a HOOD RR | E79: 1459 | M79: 1920 | AK79: =SUM(F79:AJ79) -> 1920 | AL79: =E79*AK79 -> 2801280
B80: 부림텍 | C80: G1110-0204-01 | D80: LQ2 Hood Seal RR | E80: 1458 | T80: 3840 | Y80: 1920 | AB80: 1920 | AI80: 1920 | AJ80: 5760 | AK80: =SUM(F80:AJ80) -> 15360 | AL80: =E80*AK80 -> 22394880
B81: 부림텍 | C81: G1110-0205-01 | D81: LQ2 Hood Seal FR | E81: 1424 | G81: 2880 | O81: 2880 | T81: 960 | AB81: 1920 | AD81: 2880 | AI81: 960 | AJ81: 1920 | AK81: =SUM(F81:AJ81) -> 14400 | AL81: =E81*AK81 -> 20505600
B82: 한울 | C82: G1110-0206-01 | D82: LQ2 Hood SIDE Seal LH | E82: 1604 | H82: 3840 | O82: 3840 | U82: 1920 | Y82: 1920 | AI82: 1920 | AJ82: 3840 | AK82: =SUM(F82:AJ82) -> 17280 | AL82: =E82*AK82 -> 27717120
B83: 한울 | C83: G1110-0207-01 | D83: LQ2 Hood SIDE Seal RH | E83: 1604 | H83: 3840 | O83: 3840 | U83: 1920 | Y83: 1920 | AI83: 1920 | AJ83: 3840 | AK83: =SUM(F83:AJ83) -> 17280 | AL83: =E83*AK83 -> 27717120
B84: 조영 | C84: G1119-0269-00 | D84: KM/KX Hood FR | E84: 4327 | G84: 640 | H84: 960 | M84: 640 | R84: 960 | U84: 1960 | AA84: 640 | AD84: 1240 | AH84: 640 | AI84: 960 | AJ84: 640 | AK84: =SUM(F84:AJ84) -> 9280 | AL84: =E84*AK84 -> 40154560
B85: 조영 | C85: G1160-0003-01 | D85: MV1a T/GATE SIDE STRIP LH | E85: 1657 | Y85: 2400 | AK85: =SUM(F85:AJ85) -> 2400 | AL85: =E85*AK85 -> 3976800
B86: 조영 | C86: G1160-0004-01 | D86: MV1a T/GATE SIDE STRIP RH | E86: 1657 | Y86: 2400 | AK86: =SUM(F86:AJ86) -> 2400 | AL86: =E86*AK86 -> 3976800
B87: 조영 | C87: G1160-0004-02 | D87: MV1a T/GATE SIDE STRIP RH | E87: 1657 | AK87: =SUM(F87:AJ87) -> 0 | AL87: =E87*AK87 -> 0
A88: 전산 | B88: 조영 | C88: R2103-0614 | D88: DS D/SIDE "D" | E88: 891 | AK88: =SUM(F88:AJ88) -> 0 | AL88: =E88*AK88 -> 0
A89: 입력시 | B89: 조영 | C89: R2103-2405 | D89: NE1A D/SIDE "C" | E89: 279 | AK89: =SUM(F89:AJ89) -> 0 | AL89: =E89*AK89 -> 0
A90: 0.7 | B90: 조영 | C90: R2103-2407 | D90: NE1A D/SIDE "D" | E90: 397 | AK90: =SUM(F90:AJ90) -> 0 | AL90: =E90*AK90 -> 0
B91: SHC | C91: R2102-2280 | D91: 9BQB FRT "C" | E91: 1354 | AJ91: 3000 | AK91: =SUM(F91:AJ91) -> 3000 | AL91: =E91*AK91 -> 4062000
B92: SHC | C92: R2131-0016 | D92: EJ SILL SEAL FRT SECT "A" | E92: 900 | AK92: =SUM(F92:AJ92) -> 0 | AL92: =E92*AK92 -> 0
B93: SHC | C93: R2131-0017 | D93: EJ SILL SEAL RR SECT "A" | E93: 1485 | AK93: =SUM(F93:AJ93) -> 0 | AL93: =E93*AK93 -> 0
B94: SHC | C94: R2103-1034 | D94: Y400 D/SIDE FRT "A" | E94: 1413 | AC94: 2025 | AK94: =SUM(F94:AJ94) -> 2025 | AL94: =E94*AK94 -> 2861325
B95: SHC | C95: R2103-1037 | D95: Y400 D /SIDE RR "A" | E95: 1221 | AK95: =SUM(F95:AJ95) -> 0 | AL95: =E95*AK95 -> 0
B96: SHC | C96: R2103-1040 | D96: Y400 D/SIDE RR "D" | E96: 2260 | AC96: 2130 | AK96: =SUM(F96:AJ96) -> 2130 | AL96: =E96*AK96 -> 4813800
B97: SHC | C97: R2103-1430 | D97: Q200 D/SIDE RR "A" | E97: 1280 | AK97: =SUM(F97:AJ97) -> 0 | AL97: =E97*AK97 -> 0
B98: SHC | C98: R2103-0742 | D98: WK/WDD/SIDE RR "D" | E98: 1181 | O98: 3005 | AH98: 3028 | AK98: =SUM(F98:AJ98) -> 6033 | AL98: =E98*AK98 -> 7124973
B99: SHC | C99: R2101-0076 | D99: WK/WDL/GATE | E99: 7152 | H99: 800 | O99: 3354 | Y99: 1813 | AC99: 2800 | AH99: 2460 | AK99: =SUM(F99:AJ99) -> 11227 | AL99: =E99*AK99 -> 80295504
B100: SHC | C100: R2129-0067 | D100: EJ RR W/HOUSE CUTLINE | E100: 744 | AK100: =SUM(F100:AJ100) -> 0 | AL100: =E100*AK100 -> 0
B101: SHC | C101: R2101-0302 | D101: VFe34 Trunk Lid RR A | E101: 6221 | AK101: =SUM(F101:AJ101) -> 0 | AL101: =E101*AK101 -> 0
...

Sheet 매입-매출 정리본
B2: 2026년 07월 매출 현황표
D3: 1 | E3: 2 | F3: 3 | G3: 4 | H3: 5 | I3: 6
B4: 공정 | C4: 차종 | D4: 아이템코드 | E4: 고객품번 | F4: P/NAME | G4: 판매단가 | H4: TOTAL | I4: 매출금액 | J4: 매출합계 | K4: SRM-정산관리상품마감 | M4: (2026년 07월) | O4: 6월 | P4: 차액
C5: PCM 매출 | J5: ='PCM 07월'!AL180 -> 934505308 | K5: =J5 -> 934505308 | M5: 금일 매출 합계 | N5: =J167 -> 2873777826 | O5: 2861636284 | P5: =N5-O5 -> 12141542
B6: 내수상품매출 | C6: 9BQC | D6: ='TPE(9410)'!C42 -> G1102-2752-00 | E6: ='TPE(9410)'!D42 -> 42933952 | F6: ='TPE(9410)'!E42 -> 9BQC FRT LH | G6: ='TPE(9410)'!F42 -> 2858 | H6: ='TPE(9410)'!AL42 -> 21400 | I6: =SUM(G6*H6) -> 61161200 | J6: =SUM(I6:I13) -> 612722880 | K6: =SUM(J6:J72) -> 1090991350
D7: ='TPE(9410)'!C43 -> G1102-2753-00 | E7: ='TPE(9410)'!D43 -> 42933953 | F7: ='TPE(9410)'!E43 -> 9BQC FRT RH | G7: ='TPE(9410)'!F43 -> 2858 | H7: ='TPE(9410)'!AL43 -> 21200 | I7: =SUM(G7*H7) -> 60589600
D8: ='TPE(9410)'!C46 -> G1102-2754-00 | E8: ='TPE(9410)'!D46 -> 42933956 | F8: ='TPE(9410)'!E46 -> 9BQC RR LH(TNI) | G8: ='TPE(9410)'!F46 -> 10598 | H8: ='TPE(9410)'!AL46 -> 780 | I8: =SUM(G8*H8) -> 8266440 | M8: 금일 매입 합계 | N8: =자재매입!J322 -> 1.8311475e+09 | O8: 1759147753 | P8: =N8-O8 -> 71999790
D9: ='TPE(9410)'!C47 -> G1102-2755-00 | E9: ='TPE(9410)'!D47 -> 42933957 | F9: ='TPE(9410)'!E47 -> 9BQC RR RH(TNI) | G9: ='TPE(9410)'!F47 -> 10598 | H9: ='TPE(9410)'!AL47 -> 780 | I9: =SUM(G9*H9) -> 8266440
D10: ='TPE(9410)'!C44 -> G1102-2756-00 | E10: ='TPE(9410)'!D44 -> 42933958 | F10: ='TPE(9410)'!E44 -> 9BQC RR LH(PRI) | G10: ='TPE(9410)'!F44 -> 11028 | H10: ='TPE(9410)'!AL44 -> 21480 | I10: =SUM(G10*H10) -> 236881440
D11: ='TPE(9410)'!C45 -> G1102-2757-00 | E11: ='TPE(9410)'!D45 -> 42933959 | F11: ='TPE(9410)'!E45 -> 9BQC RR RH(PRI) | G11: ='TPE(9410)'!F45 -> 11028 | H11: ='TPE(9410)'!AL45 -> 21420 | I11: =SUM(G11*H11) -> 236219760
D12: ='TPE(9410)'!C48 -> G1102-2463-00 | E12: ='TPE(9410)'!D48 -> 42870825 | F12: ='TPE(9410)'!E48 -> 9BQC Glass run RR RH PRIVACY | G12: ='TPE(9410)'!F48 -> 10627 | H12: ='TPE(9410)'!AL48 -> 100 | I12: =SUM(G12*H12) -> 1062700
D13: ='TPE(9410)'!C49 -> G1102-2544-00 | E13: ='TPE(9410)'!D49 -> 42896296 | F13: ='TPE(9410)'!E49 -> 9BQC Glass run FR RH | G13: ='TPE(9410)'!F49 -> 2753 | H13: ='TPE(9410)'!AL49 -> 100 | I13: =SUM(G13*H13) -> 275300
C14: JA | D14: ='TPE(9410)'!C16 -> G1102-1361-00 | E14: ='TPE(9410)'!D16 -> 82530G6000 | F14: G/RUN FRT LH | G14: ='TPE(9410)'!F16 -> 2558 | H14: ='TPE(9410)'!AL16 -> 10235 | I14: =SUM(G14*H14) -> 26181130 | J14: =SUM(I14:I19) -> 120024682
D15: ='TPE(9410)'!C17 -> G1102-1362-00 | E15: ='TPE(9410)'!D17 -> 82540G6000 | F15: G/RUN FRT RH | G15: ='TPE(9410)'!F17 -> 2558 | H15: ='TPE(9410)'!AL17 -> 10225 | I15: =SUM(G15*H15) -> 26155550
D16: ='TPE(9410)'!C18 -> R1102-1363-00 | E16: ='TPE(9410)'!D18 -> 83530G6000 | F16: G/RUN RR LH | G16: ='TPE(9410)'!F18 -> 3443 | H16: ='TPE(9410)'!AL18 -> 9800 | I16: =SUM(G16*H16) -> 33741400
D17: ='TPE(9410)'!C19 -> R1102-1364-00 | E17: ='TPE(9410)'!D19 -> 83540G6000 | F17: G/RUN RR RH | G17: ='TPE(9410)'!F19 -> 3443 | H17: ='TPE(9410)'!AL19 -> 9800 | I17: =SUM(G17*H17) -> 33741400
D18: ='TPE(9410)'!C20 -> G1102-1363-01 | E18: ='TPE(9410)'!D20 -> 83530G6000 | F18: G/RUN RR RH | G18: ='TPE(9410)'!F20 -> 3478 | H18: ='TPE(9410)'!AL20 -> 29 | I18: =SUM(G18*H18) -> 100862
D19: ='TPE(9410)'!C21 -> G1102-1364-01 | E19: ='TPE(9410)'!D21 -> 83540G6000 | F19: G/RUN RR RH | G19: ='TPE(9410)'!F21 -> 3478 | H19: ='TPE(9410)'!AL21 -> 30 | I19: =SUM(G19*H19) -> 104340
C20: HR | D20: ='TPE(9410)'!C6 -> G1102-0085 | E20: ='TPE(9410)'!D6 -> 825304F000 | F20: G/RUN FRT LH | G20: ='TPE(9410)'!F6 -> 2664 | H20: ='TPE(9410)'!AL6 -> 7898 | I20: =SUM(G20*H20) -> 21040272 | J20: =SUM(I20:I23) -> 46713696
D21: ='TPE(9410)'!C7 -> G1102-0128 | E21: ='TPE(9410)'!D7 -> 825404F000 | F21: G/RUN FRT RH | G21: ='TPE(9410)'!F7 -> 2664 | H21: ='TPE(9410)'!AL7 -> 7882 | I21: =SUM(G21*H21) -> 20997648
D22: ='TPE(9410)'!C8 -> G1102-0181 | E22: ='TPE(9410)'!D8 -> 835304F000 | F22: G/RUN RR LH | G22: ='TPE(9410)'!F8 -> 2272 | H22: ='TPE(9410)'!AL8 -> 1027 | I22: =SUM(G22*H22) -> 2333344
D23: ='TPE(9410)'!C9 -> G1102-0218 | E23: ='TPE(9410)'!D9 -> 835404F000 | F23: G/RUN RR RH | G23: ='TPE(9410)'!F9 -> 2272 | H23: ='TPE(9410)'!AL9 -> 1031 | I23: =SUM(G23*H23) -> 2342432
C24: PU | D24: ='PVC(9410)'!C6 -> G1106-0179 | E24: ='PVC(9410)'!D6 -> 822104E000 | F24: ='PVC(9410)'!E6 -> PU OUT CHAN LH | G24: ='PVC(9410)'!F6 -> 3275 | H24: ='PVC(9410)'!AL6 -> 7279 | I24: =SUM(G24*H24) -> 23838725 | J24: =SUM(I24:I31) -> 65083314
D25: ='PVC(9410)'!C7 -> G1106-0180 | E25: ='PVC(9410)'!D7 -> 822204E000 | F25: ='PVC(9410)'!E7 -> PU OUT CHAN RH | G25: ='PVC(9410)'!F7 -> 3275 | H25: ='PVC(9410)'!AL7 -> 7271 | I25: =SUM(G25*H25) -> 23812525
D26: ='PVC(9410)'!C8 -> G1102-0620 | E26: ='PVC(9410)'!D8 -> 832104E000 | F26: ='PVC(9410)'!E8 -> PU(D/CAB) OTR BELT LH | G26: ='PVC(9410)'!F8 -> 2592 | H26: ='PVC(9410)'!AL8 -> 647 | I26: =SUM(G26*H26) -> 1677024
D27: ='PVC(9410)'!C9 -> G1102-0621 | E27: ='PVC(9410)'!D9 -> 832204E000 | F27: ='PVC(9410)'!E9 -> PU(D/CAB) OTR BELT RH | G27: ='PVC(9410)'!F9 -> 2592 | H27: ='PVC(9410)'!AL9 -> 620 | I27: =SUM(G27*H27) -> 1607040
D28: ='PVC(9410)'!C10 -> G1106-0179-01 | E28: ='PVC(9410)'!D10 -> 822104E000 | F28: ='PVC(9410)'!E10 -> PU Outer Belt FR LH | G28: ='PVC(9410)'!F10 -> 3275 | H28: ='PVC(9410)'!AL10 -> 2160 | I28: =SUM(G28*H28) -> 7074000
D29: ='PVC(9410)'!C11 -> G1106-0180-01 | E29: ='PVC(9410)'!D11 -> 822204E000 | F29: ='PVC(9410)'!E11 -> PU Outer Belt FR RH | G29: ='PVC(9410)'!F11 -> 3275 | H29: ='PVC(9410)'!AL11 -> 2160 | I29: =SUM(G29*H29) -> 7074000
D30: ='PVC(9410)'!C12 -> G1102-0620-01 | E30: ='PVC(9410)'!D12 -> 832104E000 | F30: ='PVC(9410)'!E12 -> PU(D/CAB) OTR BELT LH | G30: ='PVC(9410)'!F12 -> 2494 | H30: ='PVC(9410)'!AL12 -> 0 | I30: =SUM(G30*H30) -> 0
D31: ='PVC(9410)'!C13 -> G1102-0621-01 | E31: ='PVC(9410)'!D13 -> 832204E000 | F31: ='PVC(9410)'!E13 -> PU(D/CAB) OTR BELT RH | G31: ='PVC(9410)'!F13 -> 2494 | H31: ='PVC(9410)'!AL13 -> 0 | I31: =SUM(G31*H31) -> 0
C32: GV | D32: ='PVC(9410)'!C14 -> G1106-0212 | E32: 821707M000 | F32: OTR CHAN LH | G32: ='PVC(9410)'!F14 -> 2477 | H32: ='PVC(9410)'!AL14 -> 830 | I32: =SUM(G32*H32) -> 2055910 | J32: =SUM(I32:I33) -> 4087050
D33: ='PVC(9410)'!C15 -> G1106-0213 | E33: 821807M000 | F33: OTR CHAN RH | G33: ='PVC(9410)'!F15 -> 2477 | H33: ='PVC(9410)'!AL15 -> 820 | I33: =SUM(G33*H33) -> 2031140 | L33: 다솜 수정마감
C34: QZ | D34: ='PVC(9410)'!C16 -> G1106-0317-00 | E34: 821707P000 | F34: OTR CHAN LH | G34: ='PVC(9410)'!F16 -> 2150 | H34: ='PVC(9410)'!AL16 -> 673 | I34: =SUM(G34*H34) -> 1446950 | J34: =SUM(I34:I35) -> 2719033 | L34: =K6+L117 -> 1092198238
D35: ='PVC(9410)'!C17 -> G1106-0318-00 | E35: 821807P000 | F35: OTR CHAN RH | G35: ='PVC(9410)'!F17 -> 1879 | H35: ='PVC(9410)'!AL17 -> 677 | I35: =SUM(G35*H35) -> 1272083
C36: VT | D36: ='PVC(9410)'!C18 -> G1106-0669-00 | E36: 81151-5H000 | F36: INR CHAN LH | G36: ='PVC(9410)'!F18 -> 2477 | H36: ='PVC(9410)'!$AL$20 -> 0 | I36: =SUM(G36*H36) -> 0 | J36: =SUM(I36:I37) -> 0
D37: ='PVC(9410)'!C19 -> G1106-0670-00 | E37: 81161-5H000 | F37: INR CHAN RH | G37: ='PVC(9410)'!F19 -> 2477 | H37: ='PVC(9410)'!$AL$20 -> 0 | I37: =SUM(G37*H37) -> 0
C38: EG | D38: ='PVC(9410)'!C20 -> 0 | E38: 81151-7A000 | F38: INR CHAN LH | G38: ='PVC(9410)'!F20 -> 2496 | H38: ='PVC(9410)'!AL20 -> 0 | I38: =SUM(G38*H38) -> 0 | J38: =SUM(I38:I41) -> 569904
D39: ='PVC(9410)'!C21 -> 0 | E39: 81161-7A000 | F39: INR CHAN RH | G39: ='PVC(9410)'!F21 -> 2496 | H39: ='PVC(9410)'!AL21 -> 0 | I39: =SUM(G39*H39) -> 0
D40: ='PVC(9410)'!C24 -> G1106-0009 | E40: 821707A000 | F40: OTR CHAN LH | G40: ='PVC(9410)'!F24 -> 2298 | H40: ='PVC(9410)'!AL24 -> 92 | I40: =SUM(G40*H40) -> 211416
D41: ='PVC(9410)'!C25 -> G1106-0010 | E41: 821807A000 | F41: OTR CHAN RH | G41: ='PVC(9410)'!F25 -> 2298 | H41: ='PVC(9410)'!AL25 -> 156 | I41: =SUM(G41*H41) -> 358488
C42: A-1 | D42: ='PVC(9410)'!C24 -> G1106-0009 | E42: 87857-4A100 | F42: TRIM OP'G LH(신) | G42: ='PVC(9410)'!F24 -> 2298 | I42: =SUM(G42*H42) -> 0 | J42: =SUM(I42:I43) -> 0
D43: ='PVC(9410)'!C25 -> G1106-0010 | E43: 87867-4A100 | F43: TRIM OP'G RH(신) | G43: ='PVC(9410)'!F25 -> 2298 | I43: =SUM(G43*H43) -> 0
C44: TY | D44: ='PVC(9410)'!C18 -> G1106-0669-00 | E44: AD66203598-1 | F44: TY Outer Belt FRT LH | G44: ='PVC(9410)'!F18 -> 2477 | H44: ='PVC(9410)'!AL18 -> 70 | I44: =SUM(G44*H44) -> 173390 | J44: =SUM(I44:I45) -> 346780
D45: ='PVC(9410)'!C19 -> G1106-0670-00 | E45: AD62203598-2 | F45: TY Outer Belt FRT RH | G45: ='PVC(9410)'!F19 -> 2477 | H45: ='PVC(9410)'!AL18 -> 70 | I45: =SUM(G45*H45) -> 173390
C46: VT | D46: ='PVC(9410)'!C30 -> G1102-0832-01 | E46: 81151-5H000 | F46: VT OUTER BELT 벨트라인 | G46: ='PVC(9410)'!F30 -> 3680 | H46: ='PVC(9410)'!AL30 -> 3400 | I46: =SUM(G46*H46) -> 12512000 | J46: =SUM(I46:I49) -> 12512000
C47: EG | G47: ='PVC(9410)'!F31 -> 3000 | H47: ='PVC(9410)'!AL31 -> 0 | I47: =SUM(G47*H47) -> 0
C48: CY | E48: 84248-8C000 | F48: CY 벨드라인( VT INR C/O) | G48: ='PVC(9410)'!F32 -> 3546 | H48: ='[5]PVC(9410)'!AK28 -> 0 | I48: =SUM(G48*H48) -> 0
C49: DA/LA | E49: P94 581 950 | F49: PROT HEATER | G49: ='PVC(9410)'!F33 -> 624 | H49: ='PVC(9410)'!AL33 -> 0 | I49: =SUM(G49*H49) -> 0 | J49: =I52 -> 0
E50: P94 588 239 | F50: PROT DRYER | G50: ='PVC(9410)'!F34 -> 3 | H50: ='PVC(9410)'!AL34 -> 0 | I50: =SUM(G50*H50) -> 0
E51: P94 586 275 | F51: CTR PLR OP'G | G51: ='PVC(9410)'!F35 -> 3209 | H51: ='PVC(9410)'!AL35 -> 0 | I51: =SUM(G51*H51) -> 0
D52: G1117-0024 | E52: P94 586 535 | F52: ROOF RAIL(소) | G52: ='PVC(9410)'!F36 -> 1538 | H52: ='PVC(9410)'!AL36 -> 0 | I52: =SUM(G52*H52) -> 0
E53: P94 586 532 | F53: ROOF RAIL(대) | G53: ='PVC(9410)'!F37 -> 3229 | H53: ='PVC(9410)'!AL37 -> 0 | I53: =SUM(G53*H53) -> 0
C54: 군수10톤 | E54: Q65034087 | F54: 군수10톤 OTR BELT LH | G54: ='PVC(9410)'!F65 -> 1652 | H54: ='PVC(9410)'!AL65 -> 0 | I54: =SUM(G54*H54) -> 0 | J54: =SUM(I54:I56) -> 0
E55: Q65034097 | F55: 군수10톤 OTR BELT RH | G55: ='PVC(9410)'!F66 -> 1652 | H55: ='PVC(9410)'!AL66 -> 0 | I55: =SUM(G55*H55) -> 0
E56: Q65080947 | F56: 군수품 PINCH WELT | G56: ='PVC(9410)'!F67 -> 1314 | H56: ='PVC(9410)'!AL67 -> 0 | I56: =SUM(G56*H56) -> 0
C57: CE1 | D57: ='TPE(9410)'!C28 -> G1125-0076-00 | E57: 831A0KL000 | F57: CE1 P/SEAL RR LH | G57: ='TPE(9410)'!F28 -> 1649 | H57: ='TPE(9410)'!AL28 -> 921 | I57: =SUM(G57*H57) -> 1518729 | J57: =SUM(I57:I58) -> 3001180
D58: ='TPE(9410)'!C29 -> G1125-0077-00 | E58: 831B0KL000 | F58: CE1 P/SEAL RR RH | G58: ='TPE(9410)'!F28 -> 1649 | H58: ='TPE(9410)'!AL29 -> 899 | I58: =SUM(G58*H58) -> 1482451
C59: OV1k | D59: ='TPE(9410)'!C38 -> G1110-0202-00 | E59: ='TPE(9410)'!D38 -> 86430X9000 | F59: ='TPE(9410)'!E38 -> OV1k Hood Seal | G59: ='TPE(9410)'!F38 -> 1076 | H59: ='TPE(9410)'!AL38 -> 8064 | I59: =SUM(G59*H59) -> 8676864 | J59: =SUM(I59:I62) -> 46963911
D60: ='TPE(9410)'!C39 -> G1110-0203-00 | E60: ='TPE(9410)'!D39 -> 86435X9000 | F60: ='TPE(9410)'!E39 -> OV1k Hood Seal (FRUNK) | G60: ='TPE(9410)'!F39 -> 1712 | H60: ='TPE(9410)'!AL39 -> 8064 | I60: =SUM(G60*H60) -> 13805568
D61: ='TPE(9410)'!C40 -> G1160-0009-00 | E61: ='TPE(9410)'!D40 -> 81855X9100 | F61: ='TPE(9410)'!E40 -> OV1k Power Tail Gate Side Strip LH | G61: ='TPE(9410)'!F40 -> 1661 | H61: ='TPE(9410)'!AL40 -> 7367 | I61: =SUM(G61*H61) -> 12236587
D62: ='TPE(9410)'!C41 -> G1160-0010-00 | E62: ='TPE(9410)'!D41 -> 81865X9100 | F62: ='TPE(9410)'!E41 -> OV1k Power Tail Gate Side Strip RH | G62: ='TPE(9410)'!F41 -> 1661 | H62: ='TPE(9410)'!AL41 -> 7372 | I62: =SUM(G62*H62) -> 12244892
A63: 내수 김다솜 | C63: P417 | D63: ='OWF10(상품)'!C46 -> G1109-0251-02 | E63: 6608258819 | F63: P417 Upper Opening LH | G63: ='OWF10(상품)'!F46 -> 6411 | H63: ='OWF10(상품)'!AL46 -> 220 | I63: =G63*H63 -> 1410420 | J63: =SUM(I63:I64) -> 2949060
D64: ='OWF10(상품)'!C47 -> G1109-0252-02 | E64: 6608258820 | F64: P417 Upper Opening RH | G64: ='OWF10(상품)'!F47 -> 6411 | H64: ='OWF10(상품)'!AL47 -> 240 | I64: =G64*H64 -> 1538640
C65: NX4 | D65: ='OWF10(상품)'!C18 -> G1102-1973-00 | E65: ='OWF10(상품)'!D18 -> 82530-9N000 | F65: ='OWF10(상품)'!E18 -> FRT LH | G65: ='OWF10(상품)'!F18 -> 5322 | H65: ='OWF10(상품)'!AL18 -> 13239 | I65: =G65*H65 -> 70457958 | J65: =SUM(I65:I68) -> 153060720
D66: ='OWF10(상품)'!C19 -> G1102-1974-00 | E66: ='OWF10(상품)'!D19 -> 82540-9N000 | F66: ='OWF10(상품)'!E19 -> FRT RH | G66: ='OWF10(상품)'!F19 -> 5322 | H66: ='OWF10(상품)'!AL19 -> 13239 | I66: =G66*H66 -> 70457958
D67: ='OWF10(상품)'!C20 -> G1102-1973-01 | E67: ='OWF10(상품)'!D20 -> 82530-9N000 | F67: ='OWF10(상품)'!E20 -> NX4 Glass run FR LH 현대CKD | G67: ='OWF10(상품)'!F20 -> 5322 | H67: ='OWF10(상품)'!AL20 -> 1141 | I67: =G67*H67 -> 6072402
D68: ='OWF10(상품)'!C21 -> G1102-1974-01 | E68: ='OWF10(상품)'!D21 -> 82540-9N000 | F68: ='OWF10(상품)'!E21 -> NX4 Glass run FR RH 현대CKD | G68: ='OWF10(상품)'!F21 -> 5322 | H68: ='OWF10(상품)'!AL21 -> 1141 | I68: =G68*H68 -> 6072402
C69: JK 1 | D69: ='OWF10(상품)'!C8 -> G1129-0062-00 | E69: ='OWF10(상품)'!D18 -> 82530-9N000 | F69: ='OWF10(상품)'!E8 -> JK Wheel Seal RR LH | G69: ='OWF10(상품)'!F8 -> 1546 | H69: ='OWF10(상품)'!AL8 -> 5280 | I69: =G69*H69 -> 8162880 | J69: =SUM(I69:I72) -> 20237140
D70: ='OWF10(상품)'!C9 -> G1129-0063-00 | E70: ='OWF10(상품)'!D19 -> 82540-9N000 | F70: ='OWF10(상품)'!E9 -> JK Wheel Seal RR RH | G70: ='OWF10(상품)'!F8 -> 1546 | H70: ='OWF10(상품)'!AL9 -> 5410 | I70: =G70*H70 -> 8363860
D71: ='OWF10(상품)'!C10 -> G1129-0062-01 | E71: ='OWF10(상품)'!D20 -> 82530-9N000 | F71: ='OWF10(상품)'!E10 -> JK Wheel Seal RR LH(22라인) | G71: ='OWF10(상품)'!F9 -> 1546 | H71: ='OWF10(상품)'!AL10 -> 1200 | I71: =G71*H71 -> 1855200
D72: ='OWF10(상품)'!C11 -> G1129-0063-01 | E72: ='OWF10(상품)'!D21 -> 82540-9N000 | F72: ='OWF10(상품)'!E11 -> JK Wheel Seal RR RH(22라인) | G72: ='OWF10(상품)'!F10 -> 1546 | H72: ='OWF10(상품)'!AL11 -> 1200 | I72: =G72*H72 -> 1855200
A73: 임가공 | C73: JK 1 | D73: ='OWF10(상품)'!C12 -> F1129-0062-00 | E73: ='OWF10(상품)'!D12 -> 831C0-AR000 | F73: ='OWF10(상품)'!E12 -> JK Wheel Seal RR LH | G73: ='OWF10(상품)'!F12 -> 1490 | H73: ='OWF10(상품)'!AL12 -> 1690 | I73: =G73*H73 -> 2518100 | J73: =SUM(I73:I74) -> 5036200 | K73: =J73 -> 5036200
D74: ='OWF10(상품)'!C13 -> F1129-0063-00 | E74: ='OWF10(상품)'!D13 -> 831D0-AR000 | F74: ='OWF10(상품)'!E13 -> JK Wheel Seal RR RH | G74: ='OWF10(상품)'!F13 -> 1490 | H74: ='OWF10(상품)'!AL13 -> 1690 | I74: =G74*H74 -> 2518100
A75: 수출 서지연 | B75: 수출상품매출 | C75: NX4a | D75: ='OWF10(상품)'!C22 -> G1102-2069-01 | E75: G1102-2069-00 | F75: G/RUN FRT LH | G75: ='OWF10(상품)'!F22 -> 5800 | H75: ='OWF10(상품)'!AL22 -> 12960 | I75: =G75*H75 -> 75168000 | J75: =SUM(I75:I76) -> 150336000 | K75: =SUM(J75:J98) -> 842038080
D76: ='OWF10(상품)'!C23 -> G1102-2070-01 | E76: G1102-2070-00 | F76: G/RUN FRT RH | G76: ='OWF10(상품)'!F23 -> 5800 | H76: ='OWF10(상품)'!AL23 -> 12960 | I76: =G76*H76 -> 75168000
C77: Nx4 M | D77: ='OWF10(상품)'!C24 -> G1102-2069-02 | E77: 82530-CW000 | F77: G/RUN FRT LH | G77: ='OWF10(상품)'!F24 -> 1597 | H77: ='OWF10(상품)'!AL24 -> 0 | I77: =G77*H77 -> 0 | J77: =SUM(I77:I78) -> 0
D78: ='OWF10(상품)'!C25 -> G1102-2070-02 | E78: 82540-CW000 | F78: G/RUN FRT RH | G78: ='OWF10(상품)'!F25 -> 1597 | H78: ='OWF10(상품)'!AL25 -> 0 | I78: =G78*H78 -> 0
C79: DS | D79: ='OWF10(상품)'!C26 -> G1103-2081-01 | E79: ='OWF10(상품)'!D26 -> 55112362AI | F79: ='OWF10(상품)'!E26 -> DS(CREW) Door Side RR RH | G79: ='OWF10(상품)'!F26 -> 5845 | H79: ='OWF10(상품)'!AL26 -> 17280 | I79: =G79*H79 -> 101001600 | J79: =SUM(I79:I86) -> 224624960
D80: ='OWF10(상품)'!C27 -> G1103-2082-01 | E80: ='OWF10(상품)'!D27 -> 55112363AI | F80: ='OWF10(상품)'!E27 -> DS(CREW) Door Side RR LH | G80: ='OWF10(상품)'!F27 -> 5845 | H80: ='OWF10(상품)'!AL27 -> 18880 | I80: =G80*H80 -> 110353600
D81: ='OWF10(상품)'!C28 -> G1103-1562-00 | E81: ='OWF10(상품)'!D28 -> 55112362AH | F81: ='OWF10(상품)'!E28 -> DS(CREW) Door Side RR RH(미) | G81: ='OWF10(상품)'!F28 -> 5791 | H81: ='OWF10(상품)'!AL28 -> 0 | I81: =G81*H81 -> 0
D82: ='OWF10(상품)'!C29 -> G1103-1563-03 | E82: ='OWF10(상품)'!D29 -> 55112363AH | F82: ='OWF10(상품)'!E29 -> DS(CREW) Door Side RR LH(미) | G82: ='OWF10(상품)'!F29 -> 5845 | H82: ='OWF10(상품)'!AL29 -> 0 | I82: =G82*H82 -> 0
D83: ='OWF10(상품)'!C30 -> G1103-1499-00 | E83: ='OWF10(상품)'!D30 -> 55112374AH | F83: ='OWF10(상품)'!E30 -> DS(QUAD) Door Side RR RH (설변) | G83: ='OWF10(상품)'!F30 -> 5905 | H83: ='OWF10(상품)'!AL30 -> 0 | I83: =G83*H83 -> 0
D84: ='OWF10(상품)'!C31 -> G1103-1504-00 | E84: ='OWF10(상품)'!D31 -> 55112375AH | F84: ='OWF10(상품)'!E31 -> DS(QUAD) Door Side RR LH (설변) | G84: ='OWF10(상품)'!F31 -> 5905 | H84: ='OWF10(상품)'!AL31 -> 0 | I84: =G84*H84 -> 0
D85: ='OWF10(상품)'!C32 -> G1103-2085-00 | E85: ='OWF10(상품)'!D32 -> 68563582AC | F85: ='OWF10(상품)'!E32 -> DS(TRUCK) Door Side FR RH | G85: ='OWF10(상품)'!F32 -> 5694 | H85: ='OWF10(상품)'!AL32 -> 1120 | I85: =G85*H85 -> 6377280
D86: ='OWF10(상품)'!C33 -> G1103-2086-00 | E86: ='OWF10(상품)'!D33 -> 68563583AC | F86: ='OWF10(상품)'!E33 -> DS(TRUCK) Door Side FR LH | G86: ='OWF10(상품)'!F33 -> 6154 | H86: ='OWF10(상품)'!AL33 -> 1120 | I86: =G86*H86 -> 6892480
C87: DT | D87: ='OWF10(상품)'!C34 -> G1103-1506-00 | E87: ='OWF10(상품)'!D34 -> 68291620AD | F87: ='OWF10(상품)'!E34 -> DT(CREW) Door Side RR RH | G87: ='OWF10(상품)'!F34 -> 5841 | H87: ='OWF10(상품)'!AL34 -> 0 | I87: =G87*H87 -> 0 | J87: =SUM(I87:I92) -> 411099840
D88: ='OWF10(상품)'!C35 -> G1103-1507-00 | E88: ='OWF10(상품)'!D35 -> 68291621AD | F88: ='OWF10(상품)'!E35 -> DT(CREW) Door Side RR LH | G88: ='OWF10(상품)'!F35 -> 5841 | H88: ='OWF10(상품)'!AL35 -> 0 | I88: =G88*H88 -> 0
D89: ='OWF10(상품)'!C36 -> G1103-2137-01 | E89: ='OWF10(상품)'!D36 -> 68291620AD | F89: ='OWF10(상품)'!E36 -> DT(CREW) Door Side RR RH (CREW) | G89: ='OWF10(상품)'!F36 -> 6206 | H89: ='OWF10(상품)'!AL36 -> 32400 | I89: =G89*H89 -> 201074400
D90: ='OWF10(상품)'!C37 -> G1103-2138-01 | E90: ='OWF10(상품)'!D37 -> 68291621AD | F90: ='OWF10(상품)'!E37 -> DT(CREW) Door Side RR LH (CREW) | G90: ='OWF10(상품)'!F37 -> 6206 | H90: ='OWF10(상품)'!AL37 -> 32400 | I90: =G90*H90 -> 201074400
D91: ='OWF10(상품)'!C38 -> G1103-2139-01 | E91: ='OWF10(상품)'!D38 -> 68291618AD | F91: ='OWF10(상품)'!E38 -> DT(QUAD) Door Side RR RH | G91: ='OWF10(상품)'!F38 -> 6216 | H91: ='OWF10(상품)'!AL38 -> 720 | I91: =G91*H91 -> 4475520
D92: ='OWF10(상품)'!C39 -> G1103-2140-01 | E92: ='OWF10(상품)'!D39 -> 68291619AD | F92: ='OWF10(상품)'!E39 -> DT(QUAD) Door Side RR LH | G92: ='OWF10(상품)'!F39 -> 6216 | H92: ='OWF10(상품)'!AL39 -> 720 | I92: =G92*H92 -> 4475520
C93: ME1a | D93: ='OWF10(상품)'!C40 -> G1125-0083-01 | E93: 831B0TD000 | F93: ME1a Center Pillar Seal RR RH | G93: ='OWF10(상품)'!F40 -> 1283 | H93: ='OWF10(상품)'!AL40 -> 0 | I93: =G93*H93 -> 0 | J93: =SUM(I93:I94) -> 0
D94: ='OWF10(상품)'!C41 -> G1125-0082-01 | E94: 831A0TD000 | F94: ME1a Center Pillar Seal RR LH | G94: ='OWF10(상품)'!F41 -> 1283 | H94: ='OWF10(상품)'!AL41 -> 0 | I94: =G94*H94 -> 0
C95: NE1a | D95: ='OWF10(상품)'!C42 -> G1103-1871-02 | E95: 82130PI000 | F95: NE1a Door Side FR LH | G95: ='OWF10(상품)'!F42 -> 4379 | H95: ='OWF10(상품)'!AL42 -> 2880 | I95: =G95*H95 -> 12611520 | J95: =SUM(I95:I98) -> 55977280
D96: ='OWF10(상품)'!C43 -> G1103-1872-02 | E96: 82140PI000 | F96: NE1a Door Side FR RH | G96: ='OWF10(상품)'!F43 -> 4379 | H96: ='OWF10(상품)'!AL43 -> 3200 | I96: =G96*H96 -> 14012800
D97: ='OWF10(상품)'!C44 -> G1103-1873-02 | E97: 83130PI000 | F97: NE1a Door Side RR LH | G97: ='OWF10(상품)'!F44 -> 4898 | H97: ='OWF10(상품)'!AL44 -> 2880 | I97: =G97*H97 -> 14106240
D98: ='OWF10(상품)'!C45 -> G1103-1874-02 | E98: 83140PI000 | F98: NE1a Door Side RR RH | G98: ='OWF10(상품)'!F45 -> 5294 | H98: ='OWF10(상품)'!AL45 -> 2880 | I98: =G98*H98 -> 15246720
C99: PD | D99: ='OWF10(상품)'!C14 -> G1102-1346-00 | E99: 82530-G3000 | F99: G/RUN FRT LH | G99: ='OWF10(상품)'!F14 -> 5333 | H99: ='OWF10(상품)'!AL14 -> 2 | I99: =G99*H99 -> 10666 | J99: =SUM(I99:I102) -> 10666
D100: ='OWF10(상품)'!C15 -> G1102-1347-00 | E100: 82540-G3000 | F100: G/RUN FRT RH | G100: ='OWF10(상품)'!F15 -> 1258 | H100: ='OWF10(상품)'!AL15 -> 0 | I100: =G100*H100 -> 0
D101: ='OWF10(상품)'!C16 -> G1108-1348-00 | E101: 83530-3G000 | F101: G/RUN RR LH | G101: ='OWF10(상품)'!F16 -> 1773 | H101: ='OWF10(상품)'!AL16 -> 0 | I101: =G101*H101 -> 0
...

Sheet 자재매입
A1: 2026년 07월 자재매입금액
A2: 순서 | B2: 자재코드 | C2: 품명 및 규격 | D2: 단위 | E2: 차종 | F2: 구매처 | G2: 단가 | H2: 구매량 | I2: 금액 | J2: 당월합계 | K2: 26.6 마감 | L2: 차액 | R2: 분류 | S2: 순 | T2: 품명 및 규격 | U2: 구매량 | V2: 금액 | AO2: 매출 | AP2: 매입 | AQ2: 인건비 | AR2: 인원
A3: 9BQC 매입 | B3: 3107-0054 | C3: UPR Bracket LH | D3: EA | E3: 9BQC | F3: 경기금속 | G3: 169 | H3: =원자재매입내역!AL7 -> 24000 | I3: =G3*H3 -> 4056000 | J3: =SUM(I3:I4) -> 8112000 | K3: 8112000 | L3: =J3-K3 -> 0 | R3: 9BQC | S3: =COUNTIF($R$3:R3,R3) -> 1 | T3: =C3 -> UPR Bracket LH | U3: =H3 -> 24000 | V3: =I3 -> 4056000 | X3: Kategorie | Z3: 총금액
B4: 3107-0055 | C4: UPR Bracket RH | D4: EA | G4: 169 | H4: =원자재매입내역!AL8 -> 24000 | I4: =G4*H4 -> 4056000 | R4: 9BQC | S4: =COUNTIF($R$3:R4,R4) -> 2 | T4: =C4 -> UPR Bracket RH | U4: =H4 -> 24000 | V4: =I4 -> 4056000 | X4: 압출 PCM | Z4: =SUM(AB7:AB164) -> 4.9579576e+08
B5: 3109-0182 | C5: 9BQC PRI LH | D5: EA | F5: 글라스 ㈜지텍 납품 | G5: 2492 | H5: =부자재매입내역!AL143 -> 23052 | I5: =G5*H5 -> 57445584 | J5: =SUM(I5:I8) -> 119518532 | K5: 120281364 | L5: =J5-K5 -> -762832 | M5: =J5+J112 -> 204842532 | R5: 9BQC | S5: =COUNTIF($R$3:R5,R5) -> 3 | T5: =C5 -> 9BQC PRI LH | U5: =H5 -> 23052 | V5: =I5 -> 57445584 | AG5: XA1-65B | AH5: 지수 | AI5: 출하수 | AJ5: 계산 | AK5: 사용비
B6: 3109-0183 | C6: 9BQC PRI RH | D6: EA | G6: 2492 | H6: =부자재매입내역!AL144 -> 23039 | I6: =G6*H6 -> 57413188 | R6: 9BQC | S6: =COUNTIF($R$3:R6,R6) -> 4 | T6: =C6 -> 9BQC PRI RH | U6: =H6 -> 23039 | V6: =I6 -> 57413188 | X6: Kategorie | Y6: 순 | Z6: 품명 및 규격 | AA6: 구매량 | AB6: 금액 | AD6: Kategorie | AE6: 매 입 금 액 | AG6: 9BQC FRT | AH6: 111764 | AI6: =SUM('[4]TPE(9410)'!AL42:AL43) -> 21800 | AJ6: =AI6*AH6 -> 2436455200
B7: 3109-0184 | C7: 9BQC TNTD LH | D7: EA | G7: 2120 | H7: =부자재매입내역!AL145 -> 1099 | I7: =G7*H7 -> 2329880 | R7: 9BQC | S7: =COUNTIF($R$3:R7,R7) -> 5 | T7: =C7 -> 9BQC TNTD LH | U7: =H7 -> 1099 | V7: =I7 -> 2329880 | X7: =$X$4 -> 압출 PCM | Y7: =ROW()-6 -> 1 | Z7: {=IFERROR(INDEX($T$3:$T$373,MATCH(1,($X7=$R$3:$R$373)*($Y7=$S$3:$S$373),0))," ")} -> 0.45*30 | AA7: {=IFERROR(INDEX($U$3:$U$373,MATCH(1,($X7=$R$3:$R$373)*($Y7=$S$3:$S$373),0))," ")} -> 0 | AB7: {=IFERROR(INDEX($V$3:$V$373,MATCH(1,($X7=$R$3:$R$373)*($Y7=$S$3:$S$373),0))," ")} -> 0 | AD7: 9BQC | AE7: =SUMIF($R$3:$R$373,AD7,$V$3:$V$373) -> 3.7743029e+08 | AG7: 9BQC RR | AH7: 59326 | AI7: =SUM('[4]TPE(9410)'!AL44:AL47) -> 20480 | AJ7: =AI7*AH7 -> 1214996480
B8: 3109-0185 | C8: 9BQC TNTD RH | D8: EA | G8: 2120 | H8: =부자재매입내역!AL146 -> 1099 | I8: =G8*H8 -> 2329880 | M8: 세동단가인상 | R8: 9BQC | S8: =COUNTIF($R$3:R8,R8) -> 6 | T8: =C8 -> 9BQC TNTD RH | U8: =H8 -> 1099 | V8: =I8 -> 2329880 | X8: =$X$4 -> 압출 PCM | Y8: =ROW()-6 -> 2 | Z8: {=IFERROR(INDEX($T$3:$T$373,MATCH(1,($X8=$R$3:$R$373)*($Y8=$S$3:$S$373),0))," ")} -> 0.5*30 | AA8: {=IFERROR(INDEX($U$3:$U$373,MATCH(1,($X8=$R$3:$R$373)*($Y8=$S$3:$S$373),0))," ")} -> 0 | AB8: {=IFERROR(INDEX($V$3:$V$373,MATCH(1,($X8=$R$3:$R$373)*($Y8=$S$3:$S$373),0))," ")} -> 0 | AD8: TPE | AE8: =SUMIF($R$3:$R$373,AD8,$V$3:$V$373) -> 1.1812613e+08 | AG8: 9BQC TOTAL | AJ8: =SUM(AJ6:AJ7) -> 3651451680 | AK8: =AJ8/(SUM($AJ$8,$AJ$14)) -> 0.59593609
B9: 42823723 | C9: 9BQC D/V BAR LH | D9: EA | F9: ㈜ 세동 | G9: 1972 | H9: =부자재매입내역!AL218 -> 21474 | I9: =H9*G9 -> 42346728 | J9: =SUM(I9:I10) -> 84719092 | K9: 106790404 | L9: =J9-K9 -> -22071312 | M9: 82399198 | N9: 기존 | R9: 9BQC | S9: =COUNTIF($R$3:R9,R9) -> 7 | T9: =C9 -> 9BQC D/V BAR LH | U9: =H9 -> 21474 | V9: =I9 -> 42346728 | X9: =$X$4 -> 압출 PCM | Y9: =ROW()-6 -> 3 | Z9: {=IFERROR(INDEX($T$3:$T$373,MATCH(1,($X9=$R$3:$R$373)*($Y9=$S$3:$S$373),0))," ")} -> 0.5*21.3 | AA9: {=IFERROR(INDEX($U$3:$U$373,MATCH(1,($X9=$R$3:$R$373)*($Y9=$S$3:$S$373),0))," ")} -> 0 | AB9: {=IFERROR(INDEX($V$3:$V$373,MATCH(1,($X9=$R$3:$R$373)*($Y9=$S$3:$S$373),0))," ")} -> 0 | AD9: 압출 PCM | AE9: =SUMIF($R$3:$R$373,AD9,$V$3:$V$373) -> 4.9579576e+08
B10: 42823724 | C10: 9BQC D/V BAR RH | D10: EA | G10: 1972 | H10: =부자재매입내역!AL219 -> 21487 | I10: =H10*G10 -> 42372364 | M10: =J9-M9 -> 2319894 | N10: 인상폭 | R10: 9BQC | S10: =COUNTIF($R$3:R10,R10) -> 8 | T10: =C10 -> 9BQC D/V BAR RH | U10: =H10 -> 21487 | V10: =I10 -> 42372364 | X10: =$X$4 -> 압출 PCM | Y10: =ROW()-6 -> 4 | Z10: {=IFERROR(INDEX($T$3:$T$373,MATCH(1,($X10=$R$3:$R$373)*($Y10=$S$3:$S$373),0))," ")} -> 0.5*34 | AA10: {=IFERROR(INDEX($U$3:$U$373,MATCH(1,($X10=$R$3:$R$373)*($Y10=$S$3:$S$373),0))," ")} -> 0 | AB10: {=IFERROR(INDEX($V$3:$V$373,MATCH(1,($X10=$R$3:$R$373)*($Y10=$S$3:$S$373),0))," ")} -> 0 | AD10: PVC | AE10: =SUMIF($R$3:$R$373,AD10,$V$3:$V$373) -> 31907118 | AG10: 9BQB C | AH10: 111600 | AI10: ='[4]PCM 05월'!AK81 -> 3000 | AJ10: =AI10*AH10 -> 334800000
B11: 3103-0686 | C11: 아마쉘 PAD 5T*5W*60L | D11: EA | F11: 우봉 | G11: 9.2 | H11: =부자재매입내역!AL220 -> 156000 | I11: =H11*G11 -> 1435200 | J11: =SUM(I11:I14) -> 2479300 | K11: 2531900 | R11: 9BQC | S11: =COUNTIF($R$3:R11,R11) -> 9 | T11: =C11 -> 아마쉘 PAD 5T*5W*60L | U11: =H11 -> 156000 | V11: =I11 -> 1435200 | X11: =$X$4 -> 압출 PCM | Y11: =ROW()-6 -> 5 | Z11: {=IFERROR(INDEX($T$3:$T$373,MATCH(1,($X11=$R$3:$R$373)*($Y11=$S$3:$S$373),0))," ")} -> 압연심금 0.45*28 | AA11: {=IFERROR(INDEX($U$3:$U$373,MATCH(1,($X11=$R$3:$R$373)*($Y11=$S$3:$S$373),0))," ")} -> 0 | AB11: {=IFERROR(INDEX($V$3:$V$373,MATCH(1,($X11=$R$3:$R$373)*($Y11=$S$3:$S$373),0))," ")} -> 0 | AD11: EPDM 상품 | AE11: =SUMIF($R$3:$R$373,AD11,$V$3:$V$373) -> 7.0117058e+08 | AG11: JA FRT | AH11: 135049.8 | AI11: =SUM('[4]TPE(9410)'!AL16:AL17) -> 9120 | AJ11: =AI11*AH11 -> 1231654176
B12: 3103-0832 | C12: 아마쉘 PAD 7T*10W*50L | D12: EA | G12: 19.7 | H12: =부자재매입내역!AL221 -> 53000 | I12: =H12*G12 -> 1044100 | R12: 9BQC | S12: =COUNTIF($R$3:R12,R12) -> 10 | T12: =C12 -> 아마쉘 PAD 7T*10W*50L | U12: =H12 -> 53000 | V12: =I12 -> 1044100 | X12: =$X$4 -> 압출 PCM | Y12: =ROW()-6 -> 6 | Z12: {=IFERROR(INDEX($T$3:$T$373,MATCH(1,($X12=$R$3:$R$373)*($Y12=$S$3:$S$373),0))," ")} -> 46MM WIRE CARRIER(05R-159) | AA12: {=IFERROR(INDEX($U$3:$U$373,MATCH(1,($X12=$R$3:$R$373)*($Y12=$S$3:$S$373),0))," ")} -> 48550 | AB12: {=IFERROR(INDEX($V$3:$V$373,MATCH(1,($X12=$R$3:$R$373)*($Y12=$S$3:$S$373),0))," ")} -> 15730200 | AD12: 합계 | AE12: =SUM(AE6:AE11) -> 1.7244299e+09 | AG12: JA RR | AH12: 103335 | AI12: =SUM('[4]TPE(9410)'!AL18:AL19) -> 8800 | AJ12: =AI12*AH12 -> 909348000
C13: 아마쉘 PAD 1.5*20*20 | D13: EA | G13: 15.8 | H13: =부자재매입내역!AL222 -> 0 | I13: =H13*G13 -> 0 | R13: 9BQC | S13: =COUNTIF($R$3:R13,R13) -> 11 | T13: =C13 -> 아마쉘 PAD 1.5*20*20 | U13: =H13 -> 0 | V13: =I13 -> 0 | X13: =$X$4 -> 압출 PCM | Y13: =ROW()-6 -> 7 | Z13: {=IFERROR(INDEX($T$3:$T$373,MATCH(1,($X13=$R$3:$R$373)*($Y13=$S$3:$S$373),0))," ")} -> W60712$2 | AA13: {=IFERROR(INDEX($U$3:$U$373,MATCH(1,($X13=$R$3:$R$373)*($Y13=$S$3:$S$373),0))," ")} -> 41872 | AB13: {=IFERROR(INDEX($V$3:$V$373,MATCH(1,($X13=$R$3:$R$373)*($Y13=$S$3:$S$373),0))," ")} -> 146970720 | AG13: QX D | AH13: 69825 | AI13: ='[4]PCM 05월'!AK112 -> 0 | AJ13: =AI13*AH13 -> 0
B14: 3103-0696 | C14: 아마쉘 PAD 3*6*90 | D14: EA | G14: 12.2 | H14: =부자재매입내역!AL223 -> 0 | I14: =H14*G14 -> 0 | R14: 9BQC | S14: =COUNTIF($R$3:R14,R14) -> 12 | T14: =C14 -> 아마쉘 PAD 3*6*90 | U14: =H14 -> 0 | V14: =I14 -> 0 | X14: =$X$4 -> 압출 PCM | Y14: =ROW()-6 -> 8 | Z14: {=IFERROR(INDEX($T$3:$T$373,MATCH(1,($X14=$R$3:$R$373)*($Y14=$S$3:$S$373),0))," ")} -> W60712$2TA | AA14: {=IFERROR(INDEX($U$3:$U$373,MATCH(1,($X14=$R$3:$R$373)*($Y14=$S$3:$S$373),0))," ")} -> 7168 | AB14: {=IFERROR(INDEX($V$3:$V$373,MATCH(1,($X14=$R$3:$R$373)*($Y14=$S$3:$S$373),0))," ")} -> 23941120 | AG14: TPE TOTAL | AJ14: =SUM(AJ10:AJ13) -> 2475802176 | AK14: =AJ14/(SUM($AJ$8,$AJ$14)) -> 0.40406391
A15: 심금류 | B15: 31020015 | C15: SUS430(0.4*51*3) | D15: Kg | E15: 개발 | G15: 450 | H15: =원자재매입내역!AL3 -> 0 | I15: =G15*H15 -> 0 | J15: =SUM(I17:I18) -> 0 | K15: 0 | M15: =J15+J3 -> 8112000 | R15: PVC | S15: =COUNTIF($R$3:R15,R15) -> 1 | T15: =C15 -> SUS430(0.4*51*3) | U15: =H15 -> 0 | V15: =I15 -> 0 | X15: =$X$4 -> 압출 PCM | Y15: =ROW()-6 -> 9 | Z15: {=IFERROR(INDEX($T$3:$T$373,MATCH(1,($X15=$R$3:$R$373)*($Y15=$S$3:$S$373),0))," ")} -> W60594BJ2 | AA15: {=IFERROR(INDEX($U$3:$U$373,MATCH(1,($X15=$R$3:$R$373)*($Y15=$S$3:$S$373),0))," ")} -> 13454 | AB15: {=IFERROR(INDEX($V$3:$V$373,MATCH(1,($X15=$R$3:$R$373)*($Y15=$S$3:$S$373),0))," ")} -> 59332140
B16: 31020023 | C16: 0.6*36 | D16: Kg | G16: 1 | H16: =원자재매입내역!AL4 -> 0 | I16: =G16*H16 -> 0 | R16: PVC | S16: =COUNTIF($R$3:R16,R16) -> 2 | T16: =C16 -> 0.6*36 | U16: =H16 -> 0 | V16: =I16 -> 0 | X16: =$X$4 -> 압출 PCM | Y16: =ROW()-6 -> 10 | Z16: {=IFERROR(INDEX($T$3:$T$373,MATCH(1,($X16=$R$3:$R$373)*($Y16=$S$3:$S$373),0))," ")} -> W60515 | AA16: {=IFERROR(INDEX($U$3:$U$373,MATCH(1,($X16=$R$3:$R$373)*($Y16=$S$3:$S$373),0))," ")} -> 0 | AB16: {=IFERROR(INDEX($V$3:$V$373,MATCH(1,($X16=$R$3:$R$373)*($Y16=$S$3:$S$373),0))," ")} -> 0
B17: 31020025 | C17: SCP1-1/2 H (0.5*50*5) | D17: Kg | E17: EG,GV,QZ OUT | F17: 경기금속 | G17: 1350 | H17: =원자재매입내역!AL5 -> 0 | I17: =G17*H17 -> 0 | L17: =K15-J15 -> 0 | R17: PVC | S17: =COUNTIF($R$3:R17,R17) -> 3 | T17: =C17 -> SCP1-1/2 H (0.5*50*5) | U17: =H17 -> 0 | V17: =I17 -> 0 | X17: =$X$4 -> 압출 PCM | Y17: =ROW()-6 -> 11 | Z17: {=IFERROR(INDEX($T$3:$T$373,MATCH(1,($X17=$R$3:$R$373)*($Y17=$S$3:$S$373),0))," ")} -> W60052 | AA17: {=IFERROR(INDEX($U$3:$U$373,MATCH(1,($X17=$R$3:$R$373)*($Y17=$S$3:$S$373),0))," ")} -> 7934 | AB17: {=IFERROR(INDEX($V$3:$V$373,MATCH(1,($X17=$R$3:$R$373)*($Y17=$S$3:$S$373),0))," ")} -> 32608740 | AN17: JA HR | AO17: =SUM('TPE(9410)'!AN9,'TPE(9410)'!AN19) -> 46713696 | AP17: =#REF! -> #REF! | AQ17: =(3000000*7)+(2000000*7)+(3200000*2) -> 41400000 | AR17: 16 | AS17: =AO17-#REF!-AQ17 -> #REF!
B18: 31020026 | C18: 0.5*32(연질아연도금) | D18: Kg | E18: VT INR | G18: 1720 | H18: =원자재매입내역!AL6 -> 0 | I18: =G18*H18 -> 0 | R18: PVC | S18: =COUNTIF($R$3:R18,R18) -> 4 | T18: =C18 -> 0.5*32(연질아연도금) | U18: =H18 -> 0 | V18: =I18 -> 0 | X18: =$X$4 -> 압출 PCM | Y18: =ROW()-6 -> 12 | Z18: {=IFERROR(INDEX($T$3:$T$373,MATCH(1,($X18=$R$3:$R$373)*($Y18=$S$3:$S$373),0))," ")} -> S6073RN4 | AA18: {=IFERROR(INDEX($U$3:$U$373,MATCH(1,($X18=$R$3:$R$373)*($Y18=$S$3:$S$373),0))," ")} -> 0 | AB18: {=IFERROR(INDEX($V$3:$V$373,MATCH(1,($X18=$R$3:$R$373)*($Y18=$S$3:$S$373),0))," ")} -> 0 | AN18: PD | AO18: ='OWF10(상품)'!AN25 -> 0 | AP18: =#REF! -> #REF! | AQ18: =(2200000*6) -> 13200000 | AR18: 6 | AS18: =AO18-#REF!-AQ18 -> #REF!
B19: 12457812 | C19: 0.45*30 | D19: M | E19: 유일고무,CTR | F19: ㈜부미 | G19: 127 | H19: =원자재매입내역!AL9 -> 0 | I19: =G19*H19 -> 0 | J19: =SUM(I19:I23) -> 0 | L19: =K19-J19 -> 0 | R19: 압출 PCM | S19: =COUNTIF($R$3:R19,R19) -> 1 | T19: =C19 -> 0.45*30 | U19: =H19 -> 0 | V19: =I19 -> 0 | X19: =$X$4 -> 압출 PCM | Y19: =ROW()-6 -> 13 | Z19: {=IFERROR(INDEX($T$3:$T$373,MATCH(1,($X19=$R$3:$R$373)*($Y19=$S$3:$S$373),0))," ")} -> W60921 | AA19: {=IFERROR(INDEX($U$3:$U$373,MATCH(1,($X19=$R$3:$R$373)*($Y19=$S$3:$S$373),0))," ")} -> 0 | AB19: {=IFERROR(INDEX($V$3:$V$373,MATCH(1,($X19=$R$3:$R$373)*($Y19=$S$3:$S$373),0))," ")} -> 0 | AN19: PCM | AO19: =#REF!-#REF!+(2600*#REF!) -> #REF! | AP19: =#REF! -> #REF! | AQ19: =3200000*6 -> 19200000 | AR19: 6 | AS19: =AO19-#REF!-AQ19 -> #REF!
B20: 12457813 | C20: 0.5*30 | D20: M | E20: 엑셀 오프닝 | G20: 107 | H20: =원자재매입내역!AL10 -> 0 | I20: =G20*H20 -> 0 | R20: 압출 PCM | S20: =COUNTIF($R$3:R20,R20) -> 2 | T20: =C20 -> 0.5*30 | U20: =H20 -> 0 | V20: =I20 -> 0 | X20: =$X$4 -> 압출 PCM | Y20: =ROW()-6 -> 14 | Z20: {=IFERROR(INDEX($T$3:$T$373,MATCH(1,($X20=$R$3:$R$373)*($Y20=$S$3:$S$373),0))," ")} -> S6998RT2 | AA20: {=IFERROR(INDEX($U$3:$U$373,MATCH(1,($X20=$R$3:$R$373)*($Y20=$S$3:$S$373),0))," ")} -> 0 | AB20: {=IFERROR(INDEX($V$3:$V$373,MATCH(1,($X20=$R$3:$R$373)*($Y20=$S$3:$S$373),0))," ")} -> 0 | AQ20: =AR20*2300000 -> 13800000 | AR20: 6 | AS20: =AQ20 -> 13800000
B21: 12457814 | C21: 0.5*21.3 | D21: M | E21: 수승화학 | G21: 115 | H21: =원자재매입내역!AL11 -> 0 | I21: =G21*H21 -> 0 | R21: 압출 PCM | S21: =COUNTIF($R$3:R21,R21) -> 3 | T21: =C21 -> 0.5*21.3 | U21: =H21 -> 0 | V21: =I21 -> 0 | X21: =$X$4 -> 압출 PCM | Y21: =ROW()-6 -> 15 | Z21: {=IFERROR(INDEX($T$3:$T$373,MATCH(1,($X21=$R$3:$R$373)*($Y21=$S$3:$S$373),0))," ")} -> W60593$W3 | AA21: {=IFERROR(INDEX($U$3:$U$373,MATCH(1,($X21=$R$3:$R$373)*($Y21=$S$3:$S$373),0))," ")} -> 9110 | AB21: {=IFERROR(INDEX($V$3:$V$373,MATCH(1,($X21=$R$3:$R$373)*($Y21=$S$3:$S$373),0))," ")} -> 39537400 | AQ21: =AR21*3500000 -> 31500000 | AR21: 9 | AS21: =AQ21 -> 31500000
B22: 12345698 | C22: 0.5*34 | D22: M | G22: 144 | H22: =원자재매입내역!AL12 -> 0 | I22: =G22*H22 -> 0 | M22: =J24*1.1 -> 9505141.8 | R22: 압출 PCM | S22: =COUNTIF($R$3:R22,R22) -> 4 | T22: =C22 -> 0.5*34 | U22: =H22 -> 0 | V22: =I22 -> 0 | X22: =$X$4 -> 압출 PCM | Y22: =ROW()-6 -> 16 | Z22: {=IFERROR(INDEX($T$3:$T$373,MATCH(1,($X22=$R$3:$R$373)*($Y22=$S$3:$S$373),0))," ")} -> W60054 | AA22: {=IFERROR(INDEX($U$3:$U$373,MATCH(1,($X22=$R$3:$R$373)*($Y22=$S$3:$S$373),0))," ")} -> 2087 | AB22: {=IFERROR(INDEX($V$3:$V$373,MATCH(1,($X22=$R$3:$R$373)*($Y22=$S$3:$S$373),0))," ")} -> 8076690 | AO22: =SUM(AO17:AO21) -> #REF! | AP22: =SUM(AP17:AP21) -> #REF! | AQ22: =SUM(AQ17:AQ21) -> 119100000 | AS22: =SUM(AS17:AS21) -> #REF! | AT22: =AO22-#REF!-AQ22 -> #REF!
B23: 31020035 | C23: 압연심금 0.45*28 | D23: M | E23: 알피아이코리아 | G23: 127 | H23: =원자재매입내역!AL13 -> 0 | I23: =G23*H23 -> 0 | R23: 압출 PCM | S23: =COUNTIF($R$3:R23,R23) -> 5 | T23: =C23 -> 압연심금 0.45*28 | U23: =H23 -> 0 | V23: =I23 -> 0 | X23: =$X$4 -> 압출 PCM | Y23: =ROW()-6 -> 17 | Z23: {=IFERROR(INDEX($T$3:$T$373,MATCH(1,($X23=$R$3:$R$373)*($Y23=$S$3:$S$373),0))," ")} -> W60596 | AA23: {=IFERROR(INDEX($U$3:$U$373,MATCH(1,($X23=$R$3:$R$373)*($Y23=$S$3:$S$373),0))," ")} -> 0 | AB23: {=IFERROR(INDEX($V$3:$V$373,MATCH(1,($X23=$R$3:$R$373)*($Y23=$S$3:$S$373),0))," ")} -> 0 | AS23: 기타경비 | AT23: 80000000
B24: 31020032 | C24: 심금STS430A 0.4*45.5 | D24: Kg | E24: PU | F24: 우진금속 | G24: 2649 | H24: =원자재매입내역!AL14 -> 3262 | I24: =G24*H24 -> 8641038 | J24: =I24 -> 8641038 | K24: 10890039 | L24: =J24-K24 -> -2249001 | R24: PVC | S24: =COUNTIF($R$3:R24,R24) -> 5 | T24: =C24 -> 심금STS430A 0.4*45.5 | U24: =H24 -> 3262 | V24: =I24 -> 8641038 | X24: =$X$4 -> 압출 PCM | Y24: =ROW()-6 -> 18 | Z24: {=IFERROR(INDEX($T$3:$T$373,MATCH(1,($X24=$R$3:$R$373)*($Y24=$S$3:$S$373),0))," ")} -> W60713 | AA24: {=IFERROR(INDEX($U$3:$U$373,MATCH(1,($X24=$R$3:$R$373)*($Y24=$S$3:$S$373),0))," ")} -> 0 | AB24: {=IFERROR(INDEX($V$3:$V$373,MATCH(1,($X24=$R$3:$R$373)*($Y24=$S$3:$S$373),0))," ")} -> 0 | AT24: =AT22-AT23 -> #REF!
B25: 신규업체 | C25: 0.5*37.3mm | D25: M | E25: VF34,35 | F25: ㈜ 재 영 | G25: 173.5 | H25: =원자재매입내역!AL16 -> 0 | I25: =G25*H25 -> 0 | J25: =I25 -> 0 | K25: 0 | L25: =K25-J25 -> 0 | T25: =C25 -> 0.5*37.3mm | U25: =H25 -> 0 | V25: =I25 -> 0 | X25: =$X$4 -> 압출 PCM | Y25: =ROW()-6 -> 19 | Z25: {=IFERROR(INDEX($T$3:$T$373,MATCH(1,($X25=$R$3:$R$373)*($Y25=$S$3:$S$373),0))," ")} -> W60055 | AA25: {=IFERROR(INDEX($U$3:$U$373,MATCH(1,($X25=$R$3:$R$373)*($Y25=$S$3:$S$373),0))," ")} -> 0 | AB25: {=IFERROR(INDEX($V$3:$V$373,MATCH(1,($X25=$R$3:$R$373)*($Y25=$S$3:$S$373),0))," ")} -> 0
A26: PVC | B26: 12457811 | C26: COMPOUND SD#75 BK | D26: Kg | E26: PVC(PU) | F26: 화승네트웍스 | G26: 3130 | H26: =원자재매입내역!AL18 -> 5000 | I26: =G26*H26 -> 15650000 | J26: =SUM(I26:I30) -> 57594200 | K26: 51647900 | L26: =J26-K26 -> 5946300 | R26: PVC | S26: =COUNTIF($R$3:R26,R26) -> 6 | T26: =C26 -> COMPOUND SD#75 BK | U26: =H26 -> 5000 | V26: =I26 -> 15650000 | X26: =$X$4 -> 압출 PCM | Y26: =ROW()-6 -> 20 | Z26: {=IFERROR(INDEX($T$3:$T$373,MATCH(1,($X26=$R$3:$R$373)*($Y26=$S$3:$S$373),0))," ")} -> W60433 | AA26: {=IFERROR(INDEX($U$3:$U$373,MATCH(1,($X26=$R$3:$R$373)*($Y26=$S$3:$S$373),0))," ")} -> 259 | AB26: {=IFERROR(INDEX($V$3:$V$373,MATCH(1,($X26=$R$3:$R$373)*($Y26=$S$3:$S$373),0))," ")} -> 937580 | AO26: KL HOOD(2264원) | AP26: =2264*27000 -> 61128000 | AQ26: =SUM(AP26:AP27)*1.1 -> 4.577408e+08
B27: 12457859 | C27: COMPOUND SD#75 GY | D27: Kg | E27: 루플레일 | G27: 3130 | H27: =원자재매입내역!AL19 -> 0 | I27: =G27*H27 -> 0 | R27: PVC | S27: =COUNTIF($R$3:R27,R27) -> 7 | T27: =C27 -> COMPOUND SD#75 GY | U27: =H27 -> 0 | V27: =I27 -> 0 | X27: =$X$4 -> 압출 PCM | Y27: =ROW()-6 -> 21 | Z27: {=IFERROR(INDEX($T$3:$T$373,MATCH(1,($X27=$R$3:$R$373)*($Y27=$S$3:$S$373),0))," ")} -> W60433$GT | AA27: {=IFERROR(INDEX($U$3:$U$373,MATCH(1,($X27=$R$3:$R$373)*($Y27=$S$3:$S$373),0))," ")} -> 499 | AB27: {=IFERROR(INDEX($V$3:$V$373,MATCH(1,($X27=$R$3:$R$373)*($Y27=$S$3:$S$373),0))," ")} -> 1836320 | AO27: 장유매출 | AP27: 355000000
B28: B0237040178 | C28: SX553A | D28: Kg | E28: 9BQC슬립제 | G28: 36652 | H28: =원자재매입내역!AL22 -> 500 | I28: =G28*H28 -> 18326000 | R28: 9BQC | S28: =COUNTIF($R$3:R28,R28) -> 13 | T28: =C28 -> SX553A | U28: =H28 -> 500 | V28: =I28 -> 18326000 | X28: =$X$4 -> 압출 PCM | Y28: =ROW()-6 -> 22 | Z28: {=IFERROR(INDEX($T$3:$T$373,MATCH(1,($X28=$R$3:$R$373)*($Y28=$S$3:$S$373),0))," ")} -> W60513M | AA28: {=IFERROR(INDEX($U$3:$U$373,MATCH(1,($X28=$R$3:$R$373)*($Y28=$S$3:$S$373),0))," ")} -> 15665 | AB28: {=IFERROR(INDEX($V$3:$V$373,MATCH(1,($X28=$R$3:$R$373)*($Y28=$S$3:$S$373),0))," ")} -> 53261000 | AU28: 부림텍 | AV28: 10000000
A29: WIRE | B29: B01HN00067 | C29: WIRE GLASS CORD (Ø0.4mm) | D29: M | E29: JA 구리 동선 | G29: 58 | H29: =원자재매입내역!AL27 -> 136000 | I29: =G29*H29 -> 7888000 | R29: TPE | S29: =COUNTIF($R$3:R29,R29) -> 1 | T29: =C29 -> WIRE GLASS CORD (Ø0.4mm) | U29: =H29 -> 136000 | V29: =I29 -> 7888000 | X29: =$X$4 -> 압출 PCM | Y29: =ROW()-6 -> 23 | Z29: {=IFERROR(INDEX($T$3:$T$373,MATCH(1,($X29=$R$3:$R$373)*($Y29=$S$3:$S$373),0))," ")} -> W60514 | AA29: {=IFERROR(INDEX($U$3:$U$373,MATCH(1,($X29=$R$3:$R$373)*($Y29=$S$3:$S$373),0))," ")} -> 0 | AB29: {=IFERROR(INDEX($V$3:$V$373,MATCH(1,($X29=$R$3:$R$373)*($Y29=$S$3:$S$373),0))," ")} -> 0
A30: 심금 | B30: B0155093 | C30: 46MM WIRE CARRIER(05R-159) | D30: M | E30: 편조 심금 | G30: 324 | H30: =원자재매입내역!AL28 -> 48550 | I30: =G30*H30 -> 15730200 | R30: 압출 PCM | S30: =COUNTIF($R$3:R30,R30) -> 6 | T30: =C30 -> 46MM WIRE CARRIER(05R-159) | U30: =H30 -> 48550 | V30: =I30 -> 15730200 | X30: =$X$4 -> 압출 PCM | Y30: =ROW()-6 -> 24 | Z30: {=IFERROR(INDEX($T$3:$T$373,MATCH(1,($X30=$R$3:$R$373)*($Y30=$S$3:$S$373),0))," ")} -> W60515 | AA30: {=IFERROR(INDEX($U$3:$U$373,MATCH(1,($X30=$R$3:$R$373)*($Y30=$S$3:$S$373),0))," ")} -> 1018 | AB30: {=IFERROR(INDEX($V$3:$V$373,MATCH(1,($X30=$R$3:$R$373)*($Y30=$S$3:$S$373),0))," ")} -> 3410300
A31: EPDM | B31: 1 | C31: W60712$2 | D31: Kg | E31: MCA A,B,DT S/SEAL | F31: 해동무역 삼랑진 | G31: 3510 | H31: =원자재매입내역!AL30 -> 41872 | I31: =G31*H31 -> 146970720 | J31: =SUM(I31:I46) -> 332015090 | K31: 321169980 | L31: =J31-K31 -> 10845110 | R31: 압출 PCM | S31: =COUNTIF($R$3:R31,R31) -> 7 | T31: =C31 -> W60712$2 | U31: =H31 -> 41872 | V31: =I31 -> 146970720 | X31: =$X$4 -> 압출 PCM | Y31: =ROW()-6 -> 25 | Z31: {=IFERROR(INDEX($T$3:$T$373,MATCH(1,($X31=$R$3:$R$373)*($Y31=$S$3:$S$373),0))," ")} -> W6085YU | AA31: {=IFERROR(INDEX($U$3:$U$373,MATCH(1,($X31=$R$3:$R$373)*($Y31=$S$3:$S$373),0))," ")} -> 3828 | AB31: {=IFERROR(INDEX($V$3:$V$373,MATCH(1,($X31=$R$3:$R$373)*($Y31=$S$3:$S$373),0))," ")} -> 13474560
B32: 2 | C32: W60712$2TA | D32: Kg | E32: MCA A,B,DT S/SEAL | G32: 3340 | H32: =원자재매입내역!AL31 -> 7168 | I32: =G32*H32 -> 23941120 | R32: 압출 PCM | S32: =COUNTIF($R$3:R32,R32) -> 8 | T32: =C32 -> W60712$2TA | U32: =H32 -> 7168 | V32: =I32 -> 23941120 | X32: =$X$4 -> 압출 PCM | Y32: =ROW()-6 -> 26 | Z32: {=IFERROR(INDEX($T$3:$T$373,MATCH(1,($X32=$R$3:$R$373)*($Y32=$S$3:$S$373),0))," ")} -> W60351 | AA32: {=IFERROR(INDEX($U$3:$U$373,MATCH(1,($X32=$R$3:$R$373)*($Y32=$S$3:$S$373),0))," ")} -> 0 | AB32: {=IFERROR(INDEX($V$3:$V$373,MATCH(1,($X32=$R$3:$R$373)*($Y32=$S$3:$S$373),0))," ")} -> 0
B33: 3 | C33: W60594BJ2 | D33: Kg | E33: MCA A,B 오프닝,트렁크 | G33: 4410 | H33: =원자재매입내역!AL32 -> 13454 | I33: =G33*H33 -> 59332140 | R33: 압출 PCM | S33: =COUNTIF($R$3:R33,R33) -> 9 | T33: =C33 -> W60594BJ2 | U33: =H33 -> 13454 | V33: =I33 -> 59332140 | X33: =$X$4 -> 압출 PCM | Y33: =ROW()-6 -> 27 | Z33: {=IFERROR(INDEX($T$3:$T$373,MATCH(1,($X33=$R$3:$R$373)*($Y33=$S$3:$S$373),0))," ")} -> W60664 | AA33: {=IFERROR(INDEX($U$3:$U$373,MATCH(1,($X33=$R$3:$R$373)*($Y33=$S$3:$S$373),0))," ")} -> 0 | AB33: {=IFERROR(INDEX($V$3:$V$373,MATCH(1,($X33=$R$3:$R$373)*($Y33=$S$3:$S$373),0))," ")} -> 0
B34: 4 | C34: W60515 | D34: Kg | G34: 3350 | H34: =원자재매입내역!AL33 -> 0 | I34: =G34*H34 -> 0 | R34: 압출 PCM | S34: =COUNTIF($R$3:R34,R34) -> 10 | T34: =C34 -> W60515 | U34: =H34 -> 0 | V34: =I34 -> 0 | X34: =$X$4 -> 압출 PCM | Y34: =ROW()-6 -> 28 | Z34: {=IFERROR(INDEX($T$3:$T$373,MATCH(1,($X34=$R$3:$R$373)*($Y34=$S$3:$S$373),0))," ")} -> W60804 | AA34: {=IFERROR(INDEX($U$3:$U$373,MATCH(1,($X34=$R$3:$R$373)*($Y34=$S$3:$S$373),0))," ")} -> 0 | AB34: {=IFERROR(INDEX($V$3:$V$373,MATCH(1,($X34=$R$3:$R$373)*($Y34=$S$3:$S$373),0))," ")} -> 0
B35: 5 | C35: W60052 | D35: KG | E35: NQ5 C, D | G35: 4110 | H35: =원자재매입내역!AL34 -> 7934 | I35: =G35*H35 -> 32608740 | R35: 압출 PCM | S35: =COUNTIF($R$3:R35,R35) -> 11 | T35: =C35 -> W60052 | U35: =H35 -> 7934 | V35: =I35 -> 32608740 | X35: =$X$4 -> 압출 PCM | Y35: =ROW()-6 -> 29 | Z35: {=IFERROR(INDEX($T$3:$T$373,MATCH(1,($X35=$R$3:$R$373)*($Y35=$S$3:$S$373),0))," ")} -> w60922 | AA35: {=IFERROR(INDEX($U$3:$U$373,MATCH(1,($X35=$R$3:$R$373)*($Y35=$S$3:$S$373),0))," ")} -> 3133 | AB35: {=IFERROR(INDEX($V$3:$V$373,MATCH(1,($X35=$R$3:$R$373)*($Y35=$S$3:$S$373),0))," ")} -> 13315250
B36: 6 | C36: W60905$OS | D36: KG | E36: KL MCA,JK1 | G36: 4940 | H36: =원자재매입내역!AL35 -> 4362 | I36: =G36*H36 -> 21548280 | P36: 0.6 | Q36: 0.4 | R36: EPDM 상품, 압출 PCM | S36: =COUNTIF($R$3:R36,R36) -> 1 | T36: =C36 -> W60905$OS | U36: =H36 -> 4362 | V36: =I36 -> 21548280 | X36: =$X$4 -> 압출 PCM | Y36: =ROW()-6 -> 30 | Z36: {=IFERROR(INDEX($T$3:$T$373,MATCH(1,($X36=$R$3:$R$373)*($Y36=$S$3:$S$373),0))," ")} -> W60923 | AA36: {=IFERROR(INDEX($U$3:$U$373,MATCH(1,($X36=$R$3:$R$373)*($Y36=$S$3:$S$373),0))," ")} -> 18351 | AB36: {=IFERROR(INDEX($V$3:$V$373,MATCH(1,($X36=$R$3:$R$373)*($Y36=$S$3:$S$373),0))," ")} -> 66247110
B37: 7 | C37: S6073RN4 | D37: KG | E37: DD1614 | G37: 0 | H37: =원자재매입내역!AL36 -> 0 | I37: =G37*H37 -> 0 | R37: 압출 PCM | S37: =COUNTIF($R$3:R37,R37) -> 12 | T37: =C37 -> S6073RN4 | U37: =H37 -> 0 | V37: =I37 -> 0 | X37: =$X$4 -> 압출 PCM | Y37: =ROW()-6 -> 31 | Z37: {=IFERROR(INDEX($T$3:$T$373,MATCH(1,($X37=$R$3:$R$373)*($Y37=$S$3:$S$373),0))," ")} -> W60924 | AA37: {=IFERROR(INDEX($U$3:$U$373,MATCH(1,($X37=$R$3:$R$373)*($Y37=$S$3:$S$373),0))," ")} -> 0 | AB37: {=IFERROR(INDEX($V$3:$V$373,MATCH(1,($X37=$R$3:$R$373)*($Y37=$S$3:$S$373),0))," ")} -> 0
B38: 8 | C38: W60921 | D38: KG | E38: SC HOOD | G38: 0 | H38: =원자재매입내역!AL37 -> 0 | I38: =G38*H38 -> 0 | R38: 압출 PCM | S38: =COUNTIF($R$3:R38,R38) -> 13 | T38: =C38 -> W60921 | U38: =H38 -> 0 | V38: =I38 -> 0 | X38: =$X$4 -> 압출 PCM | Y38: =ROW()-6 -> 32 | Z38: {=IFERROR(INDEX($T$3:$T$373,MATCH(1,($X38=$R$3:$R$373)*($Y38=$S$3:$S$373),0))," ")} -> C140 TREE CLIP BK | AA38: {=IFERROR(INDEX($U$3:$U$373,MATCH(1,($X38=$R$3:$R$373)*($Y38=$S$3:$S$373),0))," ")} -> 0 | AB38: {=IFERROR(INDEX($V$3:$V$373,MATCH(1,($X38=$R$3:$R$373)*($Y38=$S$3:$S$373),0))," ")} -> 0
B39: 9 | C39: S6998RT2 | D39: KG | E39: 성신 기업 난연 스펀지 | G39: 0 | H39: =원자재매입내역!AL38 -> 0 | I39: =G39*H39 -> 0 | R39: 압출 PCM | S39: =COUNTIF($R$3:R39,R39) -> 14 | T39: =C39 -> S6998RT2 | U39: =H39 -> 0 | V39: =I39 -> 0 | X39: =$X$4 -> 압출 PCM | Y39: =ROW()-6 -> 33 | Z39: {=IFERROR(INDEX($T$3:$T$373,MATCH(1,($X39=$R$3:$R$373)*($Y39=$S$3:$S$373),0))," ")} -> 1120*955*100(BA골) | AA39: {=IFERROR(INDEX($U$3:$U$373,MATCH(1,($X39=$R$3:$R$373)*($Y39=$S$3:$S$373),0))," ")} -> 0 | AB39: {=IFERROR(INDEX($V$3:$V$373,MATCH(1,($X39=$R$3:$R$373)*($Y39=$S$3:$S$373),0))," ")} -> 0
B40: 10 | C40: W60804$OS | D40: KG | E40: DL3A,DN8A | G40: 0 | H40: =원자재매입내역!AL39 -> 0 | I40: =G40*H40 -> 0 | R40: EPDM 상품 | S40: =COUNTIF($R$3:R40,R40) -> 1 | T40: =C40 -> W60804$OS | U40: =H40 -> 0 | V40: =I40 -> 0 | X40: =$X$4 -> 압출 PCM | Y40: =ROW()-6 -> 34 | Z40: {=IFERROR(INDEX($T$3:$T$373,MATCH(1,($X40=$R$3:$R$373)*($Y40=$S$3:$S$373),0))," ")} -> 1105*930*285(BA골) | AA40: {=IFERROR(INDEX($U$3:$U$373,MATCH(1,($X40=$R$3:$R$373)*($Y40=$S$3:$S$373),0))," ")} -> 0 | AB40: {=IFERROR(INDEX($V$3:$V$373,MATCH(1,($X40=$R$3:$R$373)*($Y40=$S$3:$S$373),0))," ")} -> 0
B41: 11 | C41: W60906 | D41: KG | E41: CE1 P/SEAL | G41: 4940 | H41: =원자재매입내역!AL40 -> 0 | I41: =G41*H41 -> 0 | R41: EPDM 상품 | S41: =COUNTIF($R$3:R41,R41) -> 2 | T41: =C41 -> W60906 | U41: =H41 -> 0 | V41: =I41 -> 0 | X41: =$X$4 -> 압출 PCM | Y41: =ROW()-6 -> 35 | Z41: {=IFERROR(INDEX($T$3:$T$373,MATCH(1,($X41=$R$3:$R$373)*($Y41=$S$3:$S$373),0))," ")} -> 1105*930*315(BA골) | AA41: {=IFERROR(INDEX($U$3:$U$373,MATCH(1,($X41=$R$3:$R$373)*($Y41=$S$3:$S$373),0))," ")} -> 0 | AB41: {=IFERROR(INDEX($V$3:$V$373,MATCH(1,($X41=$R$3:$R$373)*($Y41=$S$3:$S$373),0))," ")} -> 0
B42: 12 | C42: W60593$W3 | D42: KG | E42: DT S/SEAL | G42: 4340 | H42: =원자재매입내역!AL41 -> 9110 | I42: =G42*H42 -> 39537400 | R42: 압출 PCM | S42: =COUNTIF($R$3:R42,R42) -> 15 | T42: =C42 -> W60593$W3 | U42: =H42 -> 9110 | V42: =I42 -> 39537400 | X42: =$X$4 -> 압출 PCM | Y42: =ROW()-6 -> 36 | Z42: {=IFERROR(INDEX($T$3:$T$373,MATCH(1,($X42=$R$3:$R$373)*($Y42=$S$3:$S$373),0))," ")} -> 1080*920(BA골) | AA42: {=IFERROR(INDEX($U$3:$U$373,MATCH(1,($X42=$R$3:$R$373)*($Y42=$S$3:$S$373),0))," ")} -> 0 | AB42: {=IFERROR(INDEX($V$3:$V$373,MATCH(1,($X42=$R$3:$R$373)*($Y42=$S$3:$S$373),0))," ")} -> 0
B43: 13 | C43: W60054 | D43: KG | G43: 3870 | H43: =원자재매입내역!AL42 -> 2087 | I43: =G43*H43 -> 8076690 | R43: 압출 PCM | S43: =COUNTIF($R$3:R43,R43) -> 16 | T43: =C43 -> W60054 | U43: =H43 -> 2087 | V43: =I43 -> 8076690 | X43: =$X$4 -> 압출 PCM | Y43: =ROW()-6 -> 37 | Z43: {=IFERROR(INDEX($T$3:$T$373,MATCH(1,($X43=$R$3:$R$373)*($Y43=$S$3:$S$373),0))," ")} -> 70*4.5T*285 | AA43: {=IFERROR(INDEX($U$3:$U$373,MATCH(1,($X43=$R$3:$R$373)*($Y43=$S$3:$S$373),0))," ")} -> 0 | AB43: {=IFERROR(INDEX($V$3:$V$373,MATCH(1,($X43=$R$3:$R$373)*($Y43=$S$3:$S$373),0))," ")} -> 0
B44: 14 | C44: W60596 | D44: KG | G44: 0 | H44: =원자재매입내역!AL43 -> 0 | I44: =G44*H44 -> 0 | R44: 압출 PCM | S44: =COUNTIF($R$3:R44,R44) -> 17 | T44: =C44 -> W60596 | U44: =H44 -> 0 | V44: =I44 -> 0 | X44: =$X$4 -> 압출 PCM | Y44: =ROW()-6 -> 38 | Z44: {=IFERROR(INDEX($T$3:$T$373,MATCH(1,($X44=$R$3:$R$373)*($Y44=$S$3:$S$373),0))," ")} -> 2500*450*285 | AA44: {=IFERROR(INDEX($U$3:$U$373,MATCH(1,($X44=$R$3:$R$373)*($Y44=$S$3:$S$373),0))," ")} -> 0 | AB44: {=IFERROR(INDEX($V$3:$V$373,MATCH(1,($X44=$R$3:$R$373)*($Y44=$S$3:$S$373),0))," ")} -> 0
B45: 15 | C45: W60713 | D45: KG | G45: 0 | H45: =원자재매입내역!AL44 -> 0 | I45: =G45*H45 -> 0 | R45: 압출 PCM | S45: =COUNTIF($R$3:R45,R45) -> 18 | T45: =C45 -> W60713 | U45: =H45 -> 0 | V45: =I45 -> 0 | X45: =$X$4 -> 압출 PCM | Y45: =ROW()-6 -> 39 | Z45: {=IFERROR(INDEX($T$3:$T$373,MATCH(1,($X45=$R$3:$R$373)*($Y45=$S$3:$S$373),0))," ")} -> 2520*470*95 | AA45: {=IFERROR(INDEX($U$3:$U$373,MATCH(1,($X45=$R$3:$R$373)*($Y45=$S$3:$S$373),0))," ")} -> 0 | AB45: {=IFERROR(INDEX($V$3:$V$373,MATCH(1,($X45=$R$3:$R$373)*($Y45=$S$3:$S$373),0))," ")} -> 0
B46: 16 | C46: W60055 | D46: KG | G46: 0 | H46: =원자재매입내역!AL45 -> 0 | R46: 압출 PCM | S46: =COUNTIF($R$3:R46,R46) -> 19 | T46: =C46 -> W60055 | U46: =H46 -> 0 | V46: =I46 -> 0 | X46: =$X$4 -> 압출 PCM | Y46: =ROW()-6 -> 40 | Z46: {=IFERROR(INDEX($T$3:$T$373,MATCH(1,($X46=$R$3:$R$373)*($Y46=$S$3:$S$373),0))," ")} -> 2480*430*0 | AA46: {=IFERROR(INDEX($U$3:$U$373,MATCH(1,($X46=$R$3:$R$373)*($Y46=$S$3:$S$373),0))," ")} -> 0 | AB46: {=IFERROR(INDEX($V$3:$V$373,MATCH(1,($X46=$R$3:$R$373)*($Y46=$S$3:$S$373),0))," ")} -> 0
B47: 17 | C47: =원자재매입내역!C46 -> W60664$OS | D47: KG | F47: 해동무역 조영 | G47: 5890 | H47: =원자재매입내역!AL46 -> 7650 | I47: =G47*H47 -> 45058500 | J47: =SUM(I47:I50) -> 49432100 | K47: 49571420 | L47: =J47-K47 -> -139320 | R47: EPDM 상품 | S47: =COUNTIF($R$3:R47,R47) -> 3 | T47: =C47 -> W60664$OS | U47: =H47 -> 7650 | V47: =I47 -> 45058500 | X47: =$X$4 -> 압출 PCM | Y47: =ROW()-6 -> 41 | Z47: {=IFERROR(INDEX($T$3:$T$373,MATCH(1,($X47=$R$3:$R$373)*($Y47=$S$3:$S$373),0))," ")} -> 2500*950 | AA47: {=IFERROR(INDEX($U$3:$U$373,MATCH(1,($X47=$R$3:$R$373)*($Y47=$S$3:$S$373),0))," ")} -> 0 | AB47: {=IFERROR(INDEX($V$3:$V$373,MATCH(1,($X47=$R$3:$R$373)*($Y47=$S$3:$S$373),0))," ")} -> 0
B48: 18 | C48: =원자재매입내역!C47 -> W6082$NA | D48: KG | G48: 4970 | H48: =원자재매입내역!AL47 -> 880 | I48: =G48*H48 -> 4373600 | R48: EPDM 상품 | S48: =COUNTIF($R$3:R48,R48) -> 4 | T48: =C48 -> W6082$NA | U48: =H48 -> 880 | V48: =I48 -> 4373600 | X48: =$X$4 -> 압출 PCM | Y48: =ROW()-6 -> 42 | Z48: {=IFERROR(INDEX($T$3:$T$373,MATCH(1,($X48=$R$3:$R$373)*($Y48=$S$3:$S$373),0))," ")} -> 2000*950 | AA48: {=IFERROR(INDEX($U$3:$U$373,MATCH(1,($X48=$R$3:$R$373)*($Y48=$S$3:$S$373),0))," ")} -> 0 | AB48: {=IFERROR(INDEX($V$3:$V$373,MATCH(1,($X48=$R$3:$R$373)*($Y48=$S$3:$S$373),0))," ")} -> 0
B49: 19 | C49: =원자재매입내역!C48 -> W60905$OS | D49: KG | G49: 4940 | H49: =원자재매입내역!AL48 -> 0 | I49: =G49*H49 -> 0 | R49: EPDM 상품 | S49: =COUNTIF($R$3:R49,R49) -> 5 | T49: =C49 -> W60905$OS | U49: =H49 -> 0 | V49: =I49 -> 0 | X49: =$X$4 -> 압출 PCM | Y49: =ROW()-6 -> 43 | Z49: {=IFERROR(INDEX($T$3:$T$373,MATCH(1,($X49=$R$3:$R$373)*($Y49=$S$3:$S$373),0))," ")} -> 550*270*165 | AA49: {=IFERROR(INDEX($U$3:$U$373,MATCH(1,($X49=$R$3:$R$373)*($Y49=$S$3:$S$373),0))," ")} -> 0 | AB49: {=IFERROR(INDEX($V$3:$V$373,MATCH(1,($X49=$R$3:$R$373)*($Y49=$S$3:$S$373),0))," ")} -> 0
B50: 20 | C50: =원자재매입내역!C49 -> W60594FMB | D50: KG | G50: 0 | H50: =원자재매입내역!AL49 -> 0 | T50: =C50 -> W60594FMB | U50: =H50 -> 0 | V50: =I50 -> 0 | X50: =$X$4 -> 압출 PCM | Y50: =ROW()-6 -> 44 | Z50: {=IFERROR(INDEX($T$3:$T$373,MATCH(1,($X50=$R$3:$R$373)*($Y50=$S$3:$S$373),0))," ")} -> HSC-2000-B-3 | AA50: {=IFERROR(INDEX($U$3:$U$373,MATCH(1,($X50=$R$3:$R$373)*($Y50=$S$3:$S$373),0))," ")} -> 0 | AB50: {=IFERROR(INDEX($V$3:$V$373,MATCH(1,($X50=$R$3:$R$373)*($Y50=$S$3:$S$373),0))," ")} -> 0
B51: FFWED70050 | C51: W60433 | D51: KG | E51: J200 2ND | F51: 화승코퍼레이션 연고무 | G51: 3620 | H51: =원자재매입내역!AL51 -> 259 | I51: =G51*H51 -> 937580 | J51: =SUM(I51:I64) -> 152482120 | K51: 160335090 | L51: =J51-K51 -> -7852970 | R51: 압출 PCM | S51: =COUNTIF($R$3:R51,R51) -> 20 | T51: =C51 -> W60433 | U51: =H51 -> 259 | V51: =I51 -> 937580 | X51: =$X$4 -> 압출 PCM | Y51: =ROW()-6 -> 45 | Z51: {=IFERROR(INDEX($T$3:$T$373,MATCH(1,($X51=$R$3:$R$373)*($Y51=$S$3:$S$373),0))," ")} -> HSP-500-2 | AA51: {=IFERROR(INDEX($U$3:$U$373,MATCH(1,($X51=$R$3:$R$373)*($Y51=$S$3:$S$373),0))," ")} -> 0 | AB51: {=IFERROR(INDEX($V$3:$V$373,MATCH(1,($X51=$R$3:$R$373)*($Y51=$S$3:$S$373),0))," ")} -> 0
B52: 신규 | C52: W60433$GT | D52: KG | G52: 3680 | H52: =원자재매입내역!AL52 -> 499 | I52: =G52*H52 -> 1836320 | R52: 압출 PCM | S52: =COUNTIF($R$3:R52,R52) -> 21 | T52: =C52 -> W60433$GT | U52: =H52 -> 499 | V52: =I52 -> 1836320 | X52: =$X$4 -> 압출 PCM | Y52: =ROW()-6 -> 46 | Z52: {=IFERROR(INDEX($T$3:$T$373,MATCH(1,($X52=$R$3:$R$373)*($Y52=$S$3:$S$373),0))," ")} -> PR - 520 | AA52: {=IFERROR(INDEX($U$3:$U$373,MATCH(1,($X52=$R$3:$R$373)*($Y52=$S$3:$S$373),0))," ")} -> 0 | AB52: {=IFERROR(INDEX($V$3:$V$373,MATCH(1,($X52=$R$3:$R$373)*($Y52=$S$3:$S$373),0))," ")} -> 0
B53: FFWED80102 | C53: W60513M | D53: KG | E53: D/S C,D | G53: 3400 | H53: =원자재매입내역!AL53 -> 15665 | I53: =G53*H53 -> 53261000 | R53: 압출 PCM | S53: =COUNTIF($R$3:R53,R53) -> 22 | T53: =C53 -> W60513M | U53: =H53 -> 15665 | V53: =I53 -> 53261000 | X53: =$X$4 -> 압출 PCM | Y53: =ROW()-6 -> 47 | Z53: {=IFERROR(INDEX($T$3:$T$373,MATCH(1,($X53=$R$3:$R$373)*($Y53=$S$3:$S$373),0))," ")} -> HSH-9604 | AA53: {=IFERROR(INDEX($U$3:$U$373,MATCH(1,($X53=$R$3:$R$373)*($Y53=$S$3:$S$373),0))," ")} -> 0 | AB53: {=IFERROR(INDEX($V$3:$V$373,MATCH(1,($X53=$R$3:$R$373)*($Y53=$S$3:$S$373),0))," ")} -> 0
B54: FFWED80104 | C54: W60514 | D54: KG | G54: 2760 | H54: =원자재매입내역!AL54 -> 0 | I54: =G54*H54 -> 0 | R54: 압출 PCM | S54: =COUNTIF($R$3:R54,R54) -> 23 | T54: =C54 -> W60514 | U54: =H54 -> 0 | V54: =I54 -> 0 | X54: =$X$4 -> 압출 PCM | Y54: =ROW()-6 -> 48 | Z54: {=IFERROR(INDEX($T$3:$T$373,MATCH(1,($X54=$R$3:$R$373)*($Y54=$S$3:$S$373),0))," ")} -> 2015*465*95 | AA54: {=IFERROR(INDEX($U$3:$U$373,MATCH(1,($X54=$R$3:$R$373)*($Y54=$S$3:$S$373),0))," ")} -> 0 | AB54: {=IFERROR(INDEX($V$3:$V$373,MATCH(1,($X54=$R$3:$R$373)*($Y54=$S$3:$S$373),0))," ")} -> 0
B55: FFWED80108 | C55: W60515 | D55: KG | G55: 3350 | H55: =원자재매입내역!AL55 -> 1018 | I55: =G55*H55 -> 3410300 | R55: 압출 PCM | S55: =COUNTIF($R$3:R55,R55) -> 24 | T55: =C55 -> W60515 | U55: =H55 -> 1018 | V55: =I55 -> 3410300 | X55: =$X$4 -> 압출 PCM | Y55: =ROW()-6 -> 49 | Z55: {=IFERROR(INDEX($T$3:$T$373,MATCH(1,($X55=$R$3:$R$373)*($Y55=$S$3:$S$373),0))," ")} -> 1997*450*285 | AA55: {=IFERROR(INDEX($U$3:$U$373,MATCH(1,($X55=$R$3:$R$373)*($Y55=$S$3:$S$373),0))," ")} -> 0 | AB55: {=IFERROR(INDEX($V$3:$V$373,MATCH(1,($X55=$R$3:$R$373)*($Y55=$S$3:$S$373),0))," ")} -> 0
B56: FFWED80012 | C56: W6085YU | D56: KG | E56: 가니쉬 | G56: 3520 | H56: =원자재매입내역!AL56 -> 3828 | I56: =G56*H56 -> 13474560 | R56: 압출 PCM | S56: =COUNTIF($R$3:R56,R56) -> 25 | T56: =C56 -> W6085YU | U56: =H56 -> 3828 | V56: =I56 -> 13474560 | X56: =$X$4 -> 압출 PCM | Y56: =ROW()-6 -> 50 | Z56: {=IFERROR(INDEX($T$3:$T$373,MATCH(1,($X56=$R$3:$R$373)*($Y56=$S$3:$S$373),0))," ")} -> 1977*430 | AA56: {=IFERROR(INDEX($U$3:$U$373,MATCH(1,($X56=$R$3:$R$373)*($Y56=$S$3:$S$373),0))," ")} -> 0 | AB56: {=IFERROR(INDEX($V$3:$V$373,MATCH(1,($X56=$R$3:$R$373)*($Y56=$S$3:$S$373),0))," ")} -> 0
B57: FFWED60021 | C57: W60804$OS | D57: KG | E57: DL3a, c300, j300 | G57: 4390 | H57: =원자재매입내역!AL57 -> 0 | I57: =G57*H57 -> 0 | R57: EPDM 상품 | S57: =COUNTIF($R$3:R57,R57) -> 6 | T57: =C57 -> W60804$OS | U57: =H57 -> 0 | V57: =I57 -> 0 | X57: =$X$4 -> 압출 PCM | Y57: =ROW()-6 -> 51 | Z57: {=IFERROR(INDEX($T$3:$T$373,MATCH(1,($X57=$R$3:$R$373)*($Y57=$S$3:$S$373),0))," ")} -> W60905$OS | AA57: {=IFERROR(INDEX($U$3:$U$373,MATCH(1,($X57=$R$3:$R$373)*($Y57=$S$3:$S$373),0))," ")} -> 1744.8 | AB57: {=IFERROR(INDEX($V$3:$V$373,MATCH(1,($X57=$R$3:$R$373)*($Y57=$S$3:$S$373),0))," ")} -> 8619312
B58: FFWED60009 | C58: W60906 | D58: KG | E58: CE1 P/SEAL | G58: 4940 | H58: =원자재매입내역!AL58 -> 0 | I58: =G58*H58 -> 0 | R58: EPDM 상품 | S58: =COUNTIF($R$3:R58,R58) -> 7 | T58: =C58 -> W60906 | U58: =H58 -> 0 | V58: =I58 -> 0 | X58: =$X$4 -> 압출 PCM | Y58: =ROW()-6 -> 52 | Z58: {=IFERROR(INDEX($T$3:$T$373,MATCH(1,($X58=$R$3:$R$373)*($Y58=$S$3:$S$373),0))," ")} -> HSX-9600-1(경화제) | AA58: {=IFERROR(INDEX($U$3:$U$373,MATCH(1,($X58=$R$3:$R$373)*($Y58=$S$3:$S$373),0))," ")} -> 0 | AB58: {=IFERROR(INDEX($V$3:$V$373,MATCH(1,($X58=$R$3:$R$373)*($Y58=$S$3:$S$373),0))," ")} -> 0
C59: W60351 | D59: KG | E59: lg 가스켓 | G59: 3550 | H59: =원자재매입내역!AL59 -> 0 | I59: =G59*H59 -> 0 | R59: 압출 PCM | S59: =COUNTIF($R$3:R59,R59) -> 26 | T59: =C59 -> W60351 | U59: =H59 -> 0 | V59: =I59 -> 0 | X59: =$X$4 -> 압출 PCM | Y59: =ROW()-6 -> 53 | Z59: {=IFERROR(INDEX($T$3:$T$373,MATCH(1,($X59=$R$3:$R$373)*($Y59=$S$3:$S$373),0))," ")} -> HSY-6800-1 | AA59: {=IFERROR(INDEX($U$3:$U$373,MATCH(1,($X59=$R$3:$R$373)*($Y59=$S$3:$S$373),0))," ")} -> 1.2 | AB59: {=IFERROR(INDEX($V$3:$V$373,MATCH(1,($X59=$R$3:$R$373)*($Y59=$S$3:$S$373),0))," ")} -> 52696.44
C60: W60664 | D60: KG | E60: Y400 DUST SEAL | G60: 5440 | H60: =원자재매입내역!AL60 -> 0 | I60: =G60*H60 -> 0 | R60: 압출 PCM | S60: =COUNTIF($R$3:R60,R60) -> 27 | T60: =C60 -> W60664 | U60: =H60 -> 0 | V60: =I60 -> 0 | X60: =$X$4 -> 압출 PCM | Y60: =ROW()-6 -> 54 | Z60: {=IFERROR(INDEX($T$3:$T$373,MATCH(1,($X60=$R$3:$R$373)*($Y60=$S$3:$S$373),0))," ")} -> PR-405(희석제) | AA60: {=IFERROR(INDEX($U$3:$U$373,MATCH(1,($X60=$R$3:$R$373)*($Y60=$S$3:$S$373),0))," ")} -> 4.8 | AB60: {=IFERROR(INDEX($V$3:$V$373,MATCH(1,($X60=$R$3:$R$373)*($Y60=$S$3:$S$373),0))," ")} -> 153576
C61: W60804 | D61: KG | E61: C300 G/RUN(J100) | G61: 4190 | H61: =원자재매입내역!AL61 -> 0 | I61: =G61*H61 -> 0 | R61: 압출 PCM | S61: =COUNTIF($R$3:R61,R61) -> 28 | T61: =C61 -> W60804 | U61: =H61 -> 0 | V61: =I61 -> 0 | X61: =$X$4 -> 압출 PCM | Y61: =ROW()-6 -> 55 | Z61: {=IFERROR(INDEX($T$3:$T$373,MATCH(1,($X61=$R$3:$R$373)*($Y61=$S$3:$S$373),0))," ")} -> HSW-6000L | AA61: {=IFERROR(INDEX($U$3:$U$373,MATCH(1,($X61=$R$3:$R$373)*($Y61=$S$3:$S$373),0))," ")} -> 72 | AB61: {=IFERROR(INDEX($V$3:$V$373,MATCH(1,($X61=$R$3:$R$373)*($Y61=$S$3:$S$373),0))," ")} -> 6039936
B62: FFWED80065 | C62: w60922 | D62: KG | E62: DS D/S D | G62: 4250 | H62: =원자재매입내역!AL62 -> 3133 | I62: =G62*H62 -> 13315250 | R62: 압출 PCM | S62: =COUNTIF($R$3:R62,R62) -> 29 | T62: =C62 -> w60922 | U62: =H62 -> 3133 | V62: =I62 -> 13315250 | X62: =$X$4 -> 압출 PCM | Y62: =ROW()-6 -> 56 | Z62: {=IFERROR(INDEX($T$3:$T$373,MATCH(1,($X62=$R$3:$R$373)*($Y62=$S$3:$S$373),0))," ")} -> HSW-595V | AA62: {=IFERROR(INDEX($U$3:$U$373,MATCH(1,($X62=$R$3:$R$373)*($Y62=$S$3:$S$373),0))," ")} -> 17 | AB62: {=IFERROR(INDEX($V$3:$V$373,MATCH(1,($X62=$R$3:$R$373)*($Y62=$S$3:$S$373),0))," ")} -> 567681
B63: FFWED80104 | C63: W60923 | D63: KG | E63: HOOD RR 공용 | G63: 3610 | H63: =원자재매입내역!AL63 -> 18351 | I63: =G63*H63 -> 66247110 | R63: 압출 PCM | S63: =COUNTIF($R$3:R63,R63) -> 30 | T63: =C63 -> W60923 | U63: =H63 -> 18351 | V63: =I63 -> 66247110 | X63: =$X$4 -> 압출 PCM | Y63: =ROW()-6 -> 57 | Z63: {=IFERROR(INDEX($T$3:$T$373,MATCH(1,($X63=$R$3:$R$373)*($Y63=$S$3:$S$373),0))," ")} -> HSP-700 | AA63: {=IFERROR(INDEX($U$3:$U$373,MATCH(1,($X63=$R$3:$R$373)*($Y63=$S$3:$S$373),0))," ")} -> 37 | AB63: {=IFERROR(INDEX($V$3:$V$373,MATCH(1,($X63=$R$3:$R$373)*($Y63=$S$3:$S$373),0))," ")} -> 1683426
B64: FFWED80112 | C64: W60924 | D64: KG | E64: HOOD RR 공용 | G64: 2660 | H64: =원자재매입내역!AL64 -> 0 | I64: =G64*H64 -> 0 | R64: 압출 PCM | S64: =COUNTIF($R$3:R64,R64) -> 31 | T64: =C64 -> W60924 | U64: =H64 -> 0 | V64: =I64 -> 0 | X64: =$X$4 -> 압출 PCM | Y64: =ROW()-6 -> 58 | Z64: {=IFERROR(INDEX($T$3:$T$373,MATCH(1,($X64=$R$3:$R$373)*($Y64=$S$3:$S$373),0))," ")} | AA64: {=IFERROR(INDEX($U$3:$U$373,MATCH(1,($X64=$R$3:$R$373)*($Y64=$S$3:$S$373),0))," ")} | AB64: {=IFERROR(INDEX($V$3:$V$373,MATCH(1,($X64=$R$3:$R$373)*($Y64=$S$3:$S$373),0))," ")}
A65: TPE | C65: IA4-75B_1 | D65: KG | E65: NX 4 조인트제 | F65: 화승코퍼레이션 | G65: 5190 | H65: =원자재매입내역!AL65 -> 2500 | I65: =G65*H65 -> 12975000 | J65: =SUM(I65:I81) -> 249891500 | K65: 304835000 | L65: =J65-K65 -> -54943500 | R65: TPE | S65: =COUNTIF($R$3:R65,R65) -> 2 | T65: =C65 -> IA4-75B_1 | U65: =H65 -> 2500 | V65: =I65 -> 12975000 | X65: =$X$4 -> 압출 PCM | Y65: =ROW()-6 -> 59 | Z65: {=IFERROR(INDEX($T$3:$T$373,MATCH(1,($X65=$R$3:$R$373)*($Y65=$S$3:$S$373),0))," ")} | AA65: {=IFERROR(INDEX($U$3:$U$373,MATCH(1,($X65=$R$3:$R$373)*($Y65=$S$3:$S$373),0))," ")} | AB65: {=IFERROR(INDEX($V$3:$V$373,MATCH(1,($X65=$R$3:$R$373)*($Y65=$S$3:$S$373),0))," ")}
B66: 12345679 | C66: B64E | D66: KG | E66: HR,JB 메인제 | G66: 5080 | H66: =원자재매입내역!AL66 -> 6000 | I66: =G66*H66 -> 30480000 | R66: TPE | S66: =COUNTIF($R$3:R66,R66) -> 3 | T66: =C66 -> B64E | U66: =H66 -> 6000 | V66: =I66 -> 30480000 | X66: =$X$4 -> 압출 PCM | Y66: =ROW()-6 -> 60 | Z66: {=IFERROR(INDEX($T$3:$T$373,MATCH(1,($X66=$R$3:$R$373)*($Y66=$S$3:$S$373),0))," ")} | AA66: {=IFERROR(INDEX($U$3:$U$373,MATCH(1,($X66=$R$3:$R$373)*($Y66=$S$3:$S$373),0))," ")} | AB66: {=IFERROR(INDEX($V$3:$V$373,MATCH(1,($X66=$R$3:$R$373)*($Y66=$S$3:$S$373),0))," ")}
B67: 12345681 | C67: L2KIA7-35B | D67: KG | E67: FS 조인트제 | G67: 0 | H67: =원자재매입내역!AL67 -> 0 | I67: =G67*H67 -> 0 | R67: TPE | S67: =COUNTIF($R$3:R67,R67) -> 4 | T67: =C67 -> L2KIA7-35B | U67: =H67 -> 0 | V67: =I67 -> 0 | X67: =$X$4 -> 압출 PCM | Y67: =ROW()-6 -> 61 | Z67: {=IFERROR(INDEX($T$3:$T$373,MATCH(1,($X67=$R$3:$R$373)*($Y67=$S$3:$S$373),0))," ")} | AA67: {=IFERROR(INDEX($U$3:$U$373,MATCH(1,($X67=$R$3:$R$373)*($Y67=$S$3:$S$373),0))," ")} | AB67: {=IFERROR(INDEX($V$3:$V$373,MATCH(1,($X67=$R$3:$R$373)*($Y67=$S$3:$S$373),0))," ")}
B68: 신천 | C68: IA4-80B (G) | D68: Kg | E68: 9BQC 조인트제 | G68: 6020 | H68: =원자재매입내역!AL80 -> 1575 | I68: =G68*H68 -> 9481500 | R68: 9BQC | S68: =COUNTIF($R$3:R80,R68) -> 16 | T68: =C68 -> IA4-80B (G) | U68: =H68 -> 1575 | V68: =I68 -> 9481500 | X68: =$X$4 -> 압출 PCM | Y68: =ROW()-6 -> 62 | Z68: {=IFERROR(INDEX($T$3:$T$373,MATCH(1,($X68=$R$3:$R$373)*($Y68=$S$3:$S$373),0))," ")} | AA68: {=IFERROR(INDEX($U$3:$U$373,MATCH(1,($X68=$R$3:$R$373)*($Y68=$S$3:$S$373),0))," ")} | AB68: {=IFERROR(INDEX($V$3:$V$373,MATCH(1,($X68=$R$3:$R$373)*($Y68=$S$3:$S$373),0))," ")}
C69: IA4-68B | D69: Kg | E69: JA 픽시드 조인트제 | G69: 5740 | H69: =원자재매입내역!AL68 -> 1500 | I69: =G69*H69 -> 8610000 | R69: TPE | S69: =COUNTIF($R$3:R69,R69) -> 5 | T69: =C69 -> IA4-68B | U69: =H69 -> 1500 | V69: =I69 -> 8610000 | X69: =$X$4 -> 압출 PCM | Y69: =ROW()-6 -> 63 | Z69: {=IFERROR(INDEX($T$3:$T$373,MATCH(1,($X69=$R$3:$R$373)*($Y69=$S$3:$S$373),0))," ")} | AA69: {=IFERROR(INDEX($U$3:$U$373,MATCH(1,($X69=$R$3:$R$373)*($Y69=$S$3:$S$373),0))," ")} | AB69: {=IFERROR(INDEX($V$3:$V$373,MATCH(1,($X69=$R$3:$R$373)*($Y69=$S$3:$S$373),0))," ")}
C70: IA4-78B | D70: Kg | E70: HR,PD, JA, VF 34,35 직각 조인트제 | G70: 6250 | H70: =원자재매입내역!AL69 -> 500 | I70: =G70*H70 -> 3125000 | R70: TPE | S70: =COUNTIF($R$3:R70,R70) -> 6 | T70: =C70 -> IA4-78B | U70: =H70 -> 500 | V70: =I70 -> 3125000 | X70: =$X$4 -> 압출 PCM | Y70: =ROW()-6 -> 64 | Z70: {=IFERROR(INDEX($T$3:$T$373,MATCH(1,($X70=$R$3:$R$373)*($Y70=$S$3:$S$373),0))," ")} | AA70: {=IFERROR(INDEX($U$3:$U$373,MATCH(1,($X70=$R$3:$R$373)*($Y70=$S$3:$S$373),0))," ")} | AB70: {=IFERROR(INDEX($V$3:$V$373,MATCH(1,($X70=$R$3:$R$373)*($Y70=$S$3:$S$373),0))," ")}
B71: 국산화 | C71: XA1-65B_001 (명례) | D71: Kg | E71: JA, 9BQC 메인제 | G71: 4660 | H71: =원자재매입내역!AL70 -> 14000 | I71: =G71*H71 -> 65240000 | P71: =AK8 -> 0.59593609 | Q71: =AK14 -> 0.40406391 | R71: 9BQC, TPE | S71: =COUNTIF($R$3:R71,R71) -> 1 | T71: =C71 -> XA1-65B_001 (명례) | U71: =H71 -> 14000 | V71: =I71 -> 65240000 | X71: =$X$4 -> 압출 PCM | Y71: =ROW()-6 -> 65 | Z71: {=IFERROR(INDEX($T$3:$T$373,MATCH(1,($X71=$R$3:$R$373)*($Y71=$S$3:$S$373),0))," ")} | AA71: {=IFERROR(INDEX($U$3:$U$373,MATCH(1,($X71=$R$3:$R$373)*($Y71=$S$3:$S$373),0))," ")} | AB71: {=IFERROR(INDEX($V$3:$V$373,MATCH(1,($X71=$R$3:$R$373)*($Y71=$S$3:$S$373),0))," ")}
C72: XA1-80B_001 (명례) | D72: Kg | G72: 4600 | H72: =원자재매입내역!AL71 -> 4000 | I72: =G72*H72 -> 18400000 | R72: TPE | S72: =COUNTIF($R$3:R72,R72) -> 7 | T72: =C72 -> XA1-80B_001 (명례) | U72: =H72 -> 4000 | V72: =I72 -> 18400000 | X72: =$X$4 -> 압출 PCM | Y72: =ROW()-6 -> 66 | Z72: {=IFERROR(INDEX($T$3:$T$373,MATCH(1,($X72=$R$3:$R$373)*($Y72=$S$3:$S$373),0))," ")} | AA72: {=IFERROR(INDEX($U$3:$U$373,MATCH(1,($X72=$R$3:$R$373)*($Y72=$S$3:$S$373),0))," ")} | AB72: {=IFERROR(INDEX($V$3:$V$373,MATCH(1,($X72=$R$3:$R$373)*($Y72=$S$3:$S$373),0))," ")}
C73: ED2-53B | D73: Kg | E73: JA 슬립제 | G73: 10380 | H73: =원자재매입내역!AL72 -> 0 | I73: =G73*H73 -> 0 | R73: TPE | S73: =COUNTIF($R$3:R73,R73) -> 8 | T73: =C73 -> ED2-53B | U73: =H73 -> 0 | V73: =I73 -> 0 | X73: =$X$4 -> 압출 PCM | Y73: =ROW()-6 -> 67 | Z73: {=IFERROR(INDEX($T$3:$T$373,MATCH(1,($X73=$R$3:$R$373)*($Y73=$S$3:$S$373),0))," ")} | AA73: {=IFERROR(INDEX($U$3:$U$373,MATCH(1,($X73=$R$3:$R$373)*($Y73=$S$3:$S$373),0))," ")} | AB73: {=IFERROR(INDEX($V$3:$V$373,MATCH(1,($X73=$R$3:$R$373)*($Y73=$S$3:$S$373),0))," ")}
B74: 12345680 | C74: ED2-52B | D74: Kg | E74: HR/JA 슬립제 | G74: 11330 | H74: =원자재매입내역!AL73 -> 500 | I74: =G74*H74 -> 5665000 | R74: TPE | S74: =COUNTIF($R$3:R74,R74) -> 9 | T74: =C74 -> ED2-52B | U74: =H74 -> 500 | V74: =I74 -> 5665000 | X74: =$X$4 -> 압출 PCM | Y74: =ROW()-6 -> 68 | Z74: {=IFERROR(INDEX($T$3:$T$373,MATCH(1,($X74=$R$3:$R$373)*($Y74=$S$3:$S$373),0))," ")} | AA74: {=IFERROR(INDEX($U$3:$U$373,MATCH(1,($X74=$R$3:$R$373)*($Y74=$S$3:$S$373),0))," ")} | AB74: {=IFERROR(INDEX($V$3:$V$373,MATCH(1,($X74=$R$3:$R$373)*($Y74=$S$3:$S$373),0))," ")}
C75: ED2-50B | D75: Kg | E75: HR/JA 슬립제 | G75: 0 | H75: =원자재매입내역!AL74 -> 0 | I75: =G75*H75 -> 0 | R75: TPE | S75: =COUNTIF($R$3:R75,R75) -> 10 | T75: =C75 -> ED2-50B | U75: =H75 -> 0 | V75: =I75 -> 0 | X75: =$X$4 -> 압출 PCM | Y75: =ROW()-6 -> 69 | Z75: {=IFERROR(INDEX($T$3:$T$373,MATCH(1,($X75=$R$3:$R$373)*($Y75=$S$3:$S$373),0))," ")} | AA75: {=IFERROR(INDEX($U$3:$U$373,MATCH(1,($X75=$R$3:$R$373)*($Y75=$S$3:$S$373),0))," ")} | AB75: {=IFERROR(INDEX($V$3:$V$373,MATCH(1,($X75=$R$3:$R$373)*($Y75=$S$3:$S$373),0))," ")}
B76: 추가 | C76: ED2-50B_001 | D76: Kg | E76: 9BQC 슬립제 | G76: 14250 | H76: =원자재매입내역!AL75 -> 500 | I76: =G76*H76 -> 7125000 | R76: 9BQC | S76: =COUNTIF($R$3:R76,R76) -> 15 | T76: =C76 -> ED2-50B_001 | U76: =H76 -> 500 | V76: =I76 -> 7125000 | X76: =$X$4 -> 압출 PCM | Y76: =ROW()-6 -> 70 | Z76: {=IFERROR(INDEX($T$3:$T$373,MATCH(1,($X76=$R$3:$R$373)*($Y76=$S$3:$S$373),0))," ")} | AA76: {=IFERROR(INDEX($U$3:$U$373,MATCH(1,($X76=$R$3:$R$373)*($Y76=$S$3:$S$373),0))," ")} | AB76: {=IFERROR(INDEX($V$3:$V$373,MATCH(1,($X76=$R$3:$R$373)*($Y76=$S$3:$S$373),0))," ")}
B77: 추가 | C77: EA1-73B | D77: Kg | E77: 9BQC메인제 | G77: 5050 | H77: =원자재매입내역!AL76 -> 11000 | I77: =G77*H77 -> 55550000 | R77: 9BQC | S77: =COUNTIF($R$3:R77,R77) -> 16 | T77: =C77 -> EA1-73B | U77: =H77 -> 11000 | V77: =I77 -> 55550000 | X77: =$X$4 -> 압출 PCM | Y77: =ROW()-6 -> 71 | Z77: {=IFERROR(INDEX($T$3:$T$373,MATCH(1,($X77=$R$3:$R$373)*($Y77=$S$3:$S$373),0))," ")} | AA77: {=IFERROR(INDEX($U$3:$U$373,MATCH(1,($X77=$R$3:$R$373)*($Y77=$S$3:$S$373),0))," ")} | AB77: {=IFERROR(INDEX($V$3:$V$373,MATCH(1,($X77=$R$3:$R$373)*($Y77=$S$3:$S$373),0))," ")}
B78: 국산화 | C78: XD1-40B_002 | D78: Kg | E78: M2XX 메인제 | G78: 5050 | H78: =원자재매입내역!AL77 -> 0 | I78: =G78*H78 -> 0 | R78: TPE | S78: =COUNTIF($R$3:R78,R78) -> 11 | T78: =C78 -> XD1-40B_002 | U78: =H78 -> 0 | V78: =I78 -> 0 | X78: =$X$4 -> 압출 PCM | Y78: =ROW()-6 -> 72 | Z78: {=IFERROR(INDEX($T$3:$T$373,MATCH(1,($X78=$R$3:$R$373)*($Y78=$S$3:$S$373),0))," ")} | AA78: {=IFERROR(INDEX($U$3:$U$373,MATCH(1,($X78=$R$3:$R$373)*($Y78=$S$3:$S$373),0))," ")} | AB78: {=IFERROR(INDEX($V$3:$V$373,MATCH(1,($X78=$R$3:$R$373)*($Y78=$S$3:$S$373),0))," ")}
C79: ED2-48B | D79: Kg | E79: M2XX 슬립제 | G79: 4930 | H79: =원자재매입내역!AL78 -> 0 | I79: =G79*H79 -> 0 | R79: TPE | S79: =COUNTIF($R$3:R79,R79) -> 12 | T79: =C79 -> ED2-48B | U79: =H79 -> 0 | V79: =I79 -> 0 | X79: =$X$4 -> 압출 PCM | Y79: =ROW()-6 -> 73 | Z79: {=IFERROR(INDEX($T$3:$T$373,MATCH(1,($X79=$R$3:$R$373)*($Y79=$S$3:$S$373),0))," ")} | AA79: {=IFERROR(INDEX($U$3:$U$373,MATCH(1,($X79=$R$3:$R$373)*($Y79=$S$3:$S$373),0))," ")} | AB79: {=IFERROR(INDEX($V$3:$V$373,MATCH(1,($X79=$R$3:$R$373)*($Y79=$S$3:$S$373),0))," ")}
B80: 삼랑진 | C80: GM-B70EM | D80: Kg | E80: DL3A 조인트 | G80: 12400 | H80: =원자재매입내역!AL79 -> 0 | I80: =G80*H80 -> 0 | R80: TPE | S80: =COUNTIF($R$3:R80,R80) -> 13 | T80: =C80 -> GM-B70EM | U80: =H80 -> 0 | V80: =I80 -> 0 | X80: =$X$4 -> 압출 PCM | Y80: =ROW()-6 -> 74 | Z80: {=IFERROR(INDEX($T$3:$T$373,MATCH(1,($X80=$R$3:$R$373)*($Y80=$S$3:$S$373),0))," ")} | AA80: {=IFERROR(INDEX($U$3:$U$373,MATCH(1,($X80=$R$3:$R$373)*($Y80=$S$3:$S$373),0))," ")} | AB80: {=IFERROR(INDEX($V$3:$V$373,MATCH(1,($X80=$R$3:$R$373)*($Y80=$S$3:$S$373),0))," ")}
B81: 신천 | C81: GM-B64EM | D81: Kg | E81: 9BQC조인트 | G81: 5540 | H81: =원자재매입내역!AL81 -> 6000 | I81: =G81*H81 -> 33240000 | R81: 9BQC | S81: =COUNTIF($R$3:R81,R81) -> 17 | T81: =C81 -> GM-B64EM | U81: =H81 -> 6000 | V81: =I81 -> 33240000 | X81: =$X$4 -> 압출 PCM | Y81: =ROW()-6 -> 75 | Z81: {=IFERROR(INDEX($T$3:$T$373,MATCH(1,($X81=$R$3:$R$373)*($Y81=$S$3:$S$373),0))," ")} | AA81: {=IFERROR(INDEX($U$3:$U$373,MATCH(1,($X81=$R$3:$R$373)*($Y81=$S$3:$S$373),0))," ")} | AB81: {=IFERROR(INDEX($V$3:$V$373,MATCH(1,($X81=$R$3:$R$373)*($Y81=$S$3:$S$373),0))," ")}
B82: =원자재매입내역!B84 -> G2102-2012 | C82: =원자재매입내역!C84 -> NX4 G/RUN FRT A | D82: 1 | F82: 삼랑진 T&C 박수진마감 | G82: =원자재매입내역!E84 -> 3725 | H82: =원자재매입내역!AL84 -> 31880 | I82: =G82*H82 -> 118753000 | J82: =SUM(I82:I90) -> 331849800 | K82: 266222040 | L82: =J82-K82 -> 65627760 | R82: EPDM 상품 | S82: =COUNTIF($R$3:R82,R82) -> 8 | T82: =C82 -> NX4 G/RUN FRT A | U82: =H82 -> 31880 | V82: =I82 -> 118753000 | X82: =$X$4 -> 압출 PCM | Y82: =ROW()-6 -> 76 | Z82: {=IFERROR(INDEX($T$3:$T$373,MATCH(1,($X82=$R$3:$R$373)*($Y82=$S$3:$S$373),0))," ")} | AA82: {=IFERROR(INDEX($U$3:$U$373,MATCH(1,($X82=$R$3:$R$373)*($Y82=$S$3:$S$373),0))," ")} | AB82: {=IFERROR(INDEX($V$3:$V$373,MATCH(1,($X82=$R$3:$R$373)*($Y82=$S$3:$S$373),0))," ")}
B83: =원자재매입내역!B85 -> G2102-2013 | C83: =원자재매입내역!C85 -> NX4 G/RUN FRT B | D83: 2 | G83: =원자재매입내역!E85 -> 4468 | H83: =원자재매입내역!AL85 -> 22620 | I83: =G83*H83 -> 101066160 | R83: EPDM 상품 | S83: =COUNTIF($R$3:R83,R83) -> 9 | T83: =C83 -> NX4 G/RUN FRT B | U83: =H83 -> 22620 | V83: =I83 -> 101066160 | X83: =$X$4 -> 압출 PCM | Y83: =ROW()-6 -> 77 | Z83: {=IFERROR(INDEX($T$3:$T$373,MATCH(1,($X83=$R$3:$R$373)*($Y83=$S$3:$S$373),0))," ")} | AA83: {=IFERROR(INDEX($U$3:$U$373,MATCH(1,($X83=$R$3:$R$373)*($Y83=$S$3:$S$373),0))," ")} | AB83: {=IFERROR(INDEX($V$3:$V$373,MATCH(1,($X83=$R$3:$R$373)*($Y83=$S$3:$S$373),0))," ")}
B84: =원자재매입내역!B86 -> G2102-2014 | C84: =원자재매입내역!C86 -> NX4 G/RUN FRT C | D84: 3 | G84: =원자재매입내역!E86 -> 2178 | H84: =원자재매입내역!AL86 -> 24500 | I84: =G84*H84 -> 53361000 | R84: EPDM 상품 | S84: =COUNTIF($R$3:R84,R84) -> 10 | T84: =C84 -> NX4 G/RUN FRT C | U84: =H84 -> 24500 | V84: =I84 -> 53361000 | X84: =$X$4 -> 압출 PCM | Y84: =ROW()-6 -> 78 | Z84: {=IFERROR(INDEX($T$3:$T$373,MATCH(1,($X84=$R$3:$R$373)*($Y84=$S$3:$S$373),0))," ")} | AA84: {=IFERROR(INDEX($U$3:$U$373,MATCH(1,($X84=$R$3:$R$373)*($Y84=$S$3:$S$373),0))," ")} | AB84: {=IFERROR(INDEX($V$3:$V$373,MATCH(1,($X84=$R$3:$R$373)*($Y84=$S$3:$S$373),0))," ")}
B85: =원자재매입내역!B87 -> G2110-0097 | C85: =원자재매입내역!C87 -> DT HOOD SEAL FRT "A" | D85: 4 | G85: =원자재매입내역!E87 -> 1516 | H85: =원자재매입내역!AL87 -> 13690 | I85: =G85*H85 -> 20754040
B86: =원자재매입내역!B88 -> G2110-0098 | C86: =원자재매입내역!C88 -> DT HOOD SEAL FRT "B" | D86: 5 | G86: =원자재매입내역!E88 -> 1064 | H86: =원자재매입내역!AL88 -> 7980 | I86: =G86*H86 -> 8490720
B87: =원자재매입내역!B89 -> F2144-0032 | C87: =원자재매입내역!C89 -> CE1 B parting seal RR SECT | D87: 6 | G87: =원자재매입내역!E89 -> 349 | H87: =원자재매입내역!AL89 -> 2000 | I87: =G87*H87 -> 698000 | R87: EPDM 상품 | S87: =COUNTIF($R$3:R87,R87) -> 11 | T87: =C87 -> CE1 B parting seal RR SECT | U87: =H87 -> 2000 | V87: =I87 -> 698000 | X87: =$X$4 -> 압출 PCM | Y87: =ROW()-6 -> 81 | Z87: {=IFERROR(INDEX($T$3:$T$373,MATCH(1,($X87=$R$3:$R$373)*($Y87=$S$3:$S$373),0))," ")} | AA87: {=IFERROR(INDEX($U$3:$U$373,MATCH(1,($X87=$R$3:$R$373)*($Y87=$S$3:$S$373),0))," ")} | AB87: {=IFERROR(INDEX($V$3:$V$373,MATCH(1,($X87=$R$3:$R$373)*($Y87=$S$3:$S$373),0))," ")}
B88: =원자재매입내역!B90 -> G1103-0683 | C88: =원자재매입내역!C90 -> FS D/SIDE FRT A | D88: 7 | G88: =원자재매입내역!E90 -> 1036 | H88: =원자재매입내역!AL101 -> 0 | I88: =G88*H88 -> 0 | R88: EPDM 상품 | S88: =COUNTIF($R$3:R111,R88) -> 21 | T88: =C88 -> FS D/SIDE FRT A | U88: =H88 -> 0 | V88: =I88 -> 0 | X88: =$X$4 -> 압출 PCM | Y88: =ROW()-6 -> 82 | Z88: {=IFERROR(INDEX($T$3:$T$373,MATCH(1,($X88=$R$3:$R$373)*($Y88=$S$3:$S$373),0))," ")} | AA88: {=IFERROR(INDEX($U$3:$U$373,MATCH(1,($X88=$R$3:$R$373)*($Y88=$S$3:$S$373),0))," ")} | AB88: {=IFERROR(INDEX($V$3:$V$373,MATCH(1,($X88=$R$3:$R$373)*($Y88=$S$3:$S$373),0))," ")}
B89: =원자재매입내역!B101 -> F2109-0143 | C89: =원자재매입내역!C101 -> P417 BODY UPR SEAL | D89: 8 | G89: =원자재매입내역!E101 -> 3729 | H89: =원자재매입내역!AL101 -> 0 | I89: =G89*H89 -> 0
B90: =원자재매입내역!B91 -> G2103-0614 | C90: =원자재매입내역!C91 -> DS DR SIDE SECT D, HALF RR (475mm) | D90: 9 | G90: =원자재매입내역!E91 -> 869 | H90: 4월이월 | I90: 28726880 | M90: 소재매입
B91: =원자재매입내역!B102 -> G2103-2396 | C91: =원자재매입내역!C102 -> NE1a Door Side FR "A" | D91: 1 | G91: =원자재매입내역!E102 -> 1536 | H91: =원자재매입내역!AL102 -> 0 | I91: =G91*H91 -> 0 | J91: =SUM(I91:I111) -> 285970943 | K91: 244320727 | L91: =J91-K91 -> 41650216 | M91: =J82+J91 -> 617820743
B92: =원자재매입내역!B103 -> G2103-2398 | C92: =원자재매입내역!C103 -> NE1a Door Side RR "A" | D92: 2 | G92: =원자재매입내역!E103 -> 909 | H92: =원자재매입내역!AL103 -> 0 | I92: =G92*H92 -> 0
B93: =원자재매입내역!B104 -> G2103-2405 | C93: =원자재매입내역!C104 -> NE1a Door Side RR SECT "C" | D93: 3 | G93: =원자재매입내역!E104 -> 272 | H93: =원자재매입내역!AL104 -> 0 | I93: =G93*H93 -> 0 | R93: EPDM 상품 | S93: =COUNTIF($R$3:R93,R93) -> 13 | T93: =C93 -> NE1a Door Side RR SECT "C" | U93: =H93 -> 0 | V93: =I93 -> 0 | X93: =$X$4 -> 압출 PCM | Y93: =ROW()-6 -> 87 | Z93: {=IFERROR(INDEX($T$3:$T$373,MATCH(1,($X93=$R$3:$R$373)*($Y93=$S$3:$S$373),0))," ")} | AA93: {=IFERROR(INDEX($U$3:$U$373,MATCH(1,($X93=$R$3:$R$373)*($Y93=$S$3:$S$373),0))," ")} | AB93: {=IFERROR(INDEX($V$3:$V$373,MATCH(1,($X93=$R$3:$R$373)*($Y93=$S$3:$S$373),0))," ")}
B94: =원자재매입내역!B105 -> G2103-2407 | C94: =원자재매입내역!C105 -> NE1a Door Side RR SECT "D" | D94: 4 | G94: =원자재매입내역!E105 -> 387 | H94: 4월이월수량포함 | R94: EPDM 상품 | S94: =COUNTIF($R$3:R111,R94) -> 21 | T94: =C94 -> NE1a Door Side RR SECT "D" | U94: =H94 -> 4월이월수량포함 | V94: =I94 -> 0 | X94: =$X$4 -> 압출 PCM | Y94: =ROW()-6 -> 88 | Z94: {=IFERROR(INDEX($T$3:$T$373,MATCH(1,($X94=$R$3:$R$373)*($Y94=$S$3:$S$373),0))," ")} | AA94: {=IFERROR(INDEX($U$3:$U$373,MATCH(1,($X94=$R$3:$R$373)*($Y94=$S$3:$S$373),0))," ")} | AB94: {=IFERROR(INDEX($V$3:$V$373,MATCH(1,($X94=$R$3:$R$373)*($Y94=$S$3:$S$373),0))," ")}
B95: =원자재매입내역!B106 -> F2103-0814-01 | C95: =원자재매입내역!C106 -> DS D/SIDE RR B LH(CREW) | D95: 5 | F95: 신천 김명진마감 | G95: =원자재매입내역!E106 -> 1425 | H95: =원자재매입내역!AL106 -> 21545 | I95: =G95*H95 -> 30701625 | R95: EPDM 상품 | S95: =COUNTIF($R$3:R95,R95) -> 15 | T95: =C95 -> DS D/SIDE RR B LH(CREW) | U95: =H95 -> 21545 | V95: =I95 -> 30701625 | X95: =$X$4 -> 압출 PCM | Y95: =ROW()-6 -> 89 | Z95: {=IFERROR(INDEX($T$3:$T$373,MATCH(1,($X95=$R$3:$R$373)*($Y95=$S$3:$S$373),0))," ")} | AA95: {=IFERROR(INDEX($U$3:$U$373,MATCH(1,($X95=$R$3:$R$373)*($Y95=$S$3:$S$373),0))," ")} | AB95: {=IFERROR(INDEX($V$3:$V$373,MATCH(1,($X95=$R$3:$R$373)*($Y95=$S$3:$S$373),0))," ")}
B96: =원자재매입내역!B107 -> F2103-0813-01 | C96: =원자재매입내역!C107 -> DS D/SIDE RR B RH(CREW) | D96: 6 | G96: =원자재매입내역!E107 -> 1425 | H96: =원자재매입내역!AL107 -> 21258 | I96: =G96*H96 -> 30292650 | R96: EPDM 상품 | S96: =COUNTIF($R$3:R102,R96) -> 16 | T96: =C96 -> DS D/SIDE RR B RH(CREW) | U96: =H96 -> 21258 | V96: =I96 -> 30292650 | X96: =$X$4 -> 압출 PCM | Y96: =ROW()-6 -> 90 | Z96: {=IFERROR(INDEX($T$3:$T$373,MATCH(1,($X96=$R$3:$R$373)*($Y96=$S$3:$S$373),0))," ")} | AA96: {=IFERROR(INDEX($U$3:$U$373,MATCH(1,($X96=$R$3:$R$373)*($Y96=$S$3:$S$373),0))," ")} | AB96: {=IFERROR(INDEX($V$3:$V$373,MATCH(1,($X96=$R$3:$R$373)*($Y96=$S$3:$S$373),0))," ")}
B97: =원자재매입내역!B108 -> F2103-0818 | C97: =원자재매입내역!C108 -> DS D/SIDE FRT B LH(CREW) | D97: 7 | G97: =원자재매입내역!E108 -> 1908 | H97: =원자재매입내역!AL108 -> 2240 | I97: =G97*H97 -> 4273920
B98: =원자재매입내역!B109 -> F2103-0817 | C98: =원자재매입내역!C109 -> DS D/SIDE FRT B RH(CREW) | D98: 8 | G98: =원자재매입내역!E109 -> 1908 | H98: =원자재매입내역!AL109 -> 2360 | I98: =G98*H98 -> 4502880
B99: =원자재매입내역!B110 -> F2103-2400 | C99: =원자재매입내역!C110 -> NE1a Door Side FR LH SECT "B" 클립머신 | D99: 9 | G99: =원자재매입내역!E110 -> 1719 | H99: =원자재매입내역!AL110 -> 3440 | I99: =G99*H99 -> 5913360
B100: =원자재매입내역!B111 -> F2103-2402 | C100: =원자재매입내역!C111 -> NE1a Door Side FR RH SECT "B"클립머신 | D100: 10 | G100: =원자재매입내역!E111 -> 1719 | H100: =원자재매입내역!AL111 -> 3540 | I100: =G100*H100 -> 6085260
...

Sheet 원자재매입내역
B1: ▣ 07월 원자재 매입내역
A2: 순서 | B2: 자재코드 | C2: 품명 및 규격 | D2: 단위 | E2: 단가 | G2: 1 | H2: 2 | I2: 3 | J2: 4 | K2: 5 | L2: 6 | M2: 7 | N2: 8 | O2: 9 | P2: 10 | Q2: 11 | R2: 12 | S2: 13 | T2: 14 | U2: 15 | V2: 16 | W2: 17 | X2: 18 | Y2: 19 | Z2: 20 | AA2: 21 | AB2: 22 | AC2: 23 | AD2: 24 | AE2: 25 | AF2: 26 | AG2: 27 | AH2: 28 | AI2: 29 | AJ2: 30 | AK2: 31 | AL2: TOTAL | AM2: 합계
A3: 심 금 | B3: 31020015 | C3: SUS430(0.4*51*3)--개발 | D3: Kg | F3: (주)경기금속 | AL3: =SUM(G3:AK3) -> 0 | AM3: =AL3*E3 -> 0
B4: 31020023 | C4: 0.6*36 | D4: Kg | AL4: =SUM(G4:AK4) -> 0 | AM4: =AL4*E4 -> 0
B5: 31020025 | C5: SCP1-1/2 H (0.5*50*5) | D5: Kg | AL5: =SUM(G5:AK5) -> 0 | AM5: =AL5*E5 -> 0
B6: 31020026 | C6: 0.5*32(연질) | D6: Kg | AL6: =SUM(G6:AK6) -> 0 | AM6: =AL6*E6 -> 0
B7: 3107-0054 | C7: UPR Bracket LH | D7: EA | L7: 12000 | Z7: 12000 | AL7: =SUM(G7:AK7) -> 24000 | AM7: =AL7*E7 -> 0
B8: 3107-0055 | C8: UPR Bracket RH | D8: EA | L8: 12000 | Z8: 12000 | AL8: =SUM(G8:AK8) -> 24000 | AM8: =AL8*E8 -> 0
B9: 12457812 | C9: 0.45*30 분리 | D9: M | F9: 부미 | AL9: =SUM(G9:AK9) -> 0 | AM9: =AL9*E9 -> 0
B10: 12457813 | C10: 0.5*30 | D10: M | AL10: =SUM(G10:AK10) -> 0 | AM10: =AL10*E10 -> 0
B11: 12457814 | C11: 0.5*21.3 | D11: M | AL11: =SUM(G11:AK11) -> 0 | AM11: =AL11*E11 -> 0
B12: 12345698 | C12: 0.5*34 | D12: M | AL12: =SUM(G12:AK12) -> 0 | AM12: =AL12*E12 -> 0
B13: 31020035 | C13: 압연심금 0.45*28(부미) | D13: M | AL13: =SUM(G13:AK13) -> 0 | AM13: =AL13*E13 -> 0
B14: 31020032 | C14: 심금STS430A 0.4*45.5 | D14: Kg | F14: 우진금속 | L14: 3262 | AL14: =SUM(G14:AK14) -> 3262 | AM14: =AL14*E14 -> 0
B15: 31030033 | C15: 심금STS430A 0.5*34 | D15: Kg | AL15: =SUM(G15:AK15) -> 0 | AM15: =AL15*E15 -> 0
C16: 0.5*37.3mm | D16: M | F16: ㈜ 재 영 | AL16: =SUM(G16:AK16) -> 0 | AM16: =AL16*E16 -> 0
B17: 37040059 | C17: SANTOPRENE 123-52W242 | D17: Kg | F17: ㈜위스컴 화승네트웍스 | AL17: =SUM(G17:AK17) -> 0 | AM17: =AL17*E17 -> 0
B18: 12457811 | C18: COMPOUND SD#75 BK(흑색) | D18: Kg | G18: 5000 | AL18: =SUM(G18:AK18) -> 5000 | AM18: =AL18*E18 -> 0
B19: 12457859 | C19: COMPOUND SD#75 GY | D19: Kg | AL19: =SUM(G19:AK19) -> 0 | AM19: =AL19*E19 -> 0
B20: 12454522 | C20: COMPOUND WM-317/LF | D20: Kg | AL20: =SUM(G20:AK20) -> 0 | AM20: =AL20*E20 -> 0
B21: 12121212 | C21: COMPOUND SD#82 BK | D21: Kg | AL21: =SUM(G21:AK21) -> 0 | AM21: =AL21*E21 -> 0
B22: B0237040178 | C22: COMPOUND SX553A | D22: Kg | T22: 500 | AL22: =SUM(G22:AK22) -> 500 | AM22: =AL22*E22 -> 0
B23: 장유 | C23: 121-70B230 | D23: Kg | AL23: =SUM(G23:AK23) -> 0 | AM23: =AL23*E23 -> 0
B24: 삼랑진 | C24: 121-62M100 | D24: Kg | AL24: =SUM(G24:AK24) -> 0 | AM24: =AL24*E24 -> 0
B25: 삼랑진 | C25: 121-67W175 | D25: Kg | AL25: =SUM(G25:AK25) -> 0 | AM25: =AL25*E25 -> 0
B26: 삼랑진 | C26: 121-80W175 | D26: Kg | AL26: =SUM(G26:AK26) -> 0 | AM26: =AL26*E26 -> 0
B27: 삼랑진 | C27: WIRE GLASS CORD (Ø0.4mm) | D27: M | G27: 136000 | AL27: =SUM(G27:AK27) -> 136000 | AM27: =AL27*E27 -> 0
B28: 삼랑진 | C28: 46MM WIRE CARRIER(05R-159) 편조 | D28: M | G28: 16150 | S28: 16200 | AG28: 16200 | AL28: =SUM(G28:AK28) -> 48550 | AM28: =AL28*E28 -> 0
B29: 장유 | C29: PN M46-0600-02-BLACK | D29: EA | AL29: =SUM(G29:AK29) -> 0 | AM29: =AL29*E29 -> 0
B30: 1 | C30: W6071-2$2 | D30: KG | F30: 해동무역 연고무 | G30: 8568 | H30: 2083 | I30: 4147 | L30: 1112 | M30: 2272 | N30: 546 | O30: 1457 | P30: 4491 | Q30: 759 | S30: 969 | T30: 1972 | U30: 1034 | W30: 3630 | Z30: 1409 | AA30: 2474 | AB30: 1574 | AD30: 3375 | AL30: =SUM(G30:AK30) -> 41872 | AM30: =AL30*E30 -> 0
B31: 2 | C31: W6071-2$TA | D31: KG | G31: 1112 | H31: 792 | I31: 673 | L31: 1002 | O31: 1157 | P31: 409 | V31: 1012 | AC31: 1011 | AL31: =SUM(G31:AK31) -> 7168 | AM31: =AL31*E31 -> 0
B32: 3 | C32: W6059-4BJ2 | D32: KG | G32: 2270 | H32: 1200 | L32: 313 | M32: 2150 | N32: 505 | S32: 314 | T32: 1702 | U32: 633 | Z32: 1264 | AA32: 1319 | AB32: 1342 | AC32: 442 | AL32: =SUM(G32:AK32) -> 13454 | AM32: =AL32*E32 -> 0
B33: 4 | C33: W60515 | D33: KG | G33: 0 | AL33: =SUM(G33:AK33) -> 0 | AM33: =AL33*E33 -> 0
B34: 5 | C34: W6005-2 | D34: KG | G34: 2183 | H34: 626 | I34: 376 | L34: 252 | N34: 499 | O34: 816 | S34: 313 | T34: 344 | U34: 591 | V34: 625 | Z34: 499 | AA34: 437 | AC34: 373 | AL34: =SUM(G34:AK34) -> 7934 | AM34: =AL34*E34 -> 0
B35: 6 | C35: W60905$OS | D35: KG | G35: 682 | H35: 457 | I35: 457 | L35: 443 | S35: 453 | T35: 457 | U35: 449 | Z35: 511 | AC35: 453 | AL35: =SUM(G35:AK35) -> 4362 | AM35: =AL35*E35 -> 0
B36: 7 | C36: S6073RN4 | D36: KG | G36: 0 | AL36: =SUM(G36:AK36) -> 0 | AM36: =AL36*E36 -> 0
B37: 8 | C37: W60921 | D37: KG | G37: 0 | AL37: =SUM(G37:AK37) -> 0 | AM37: =AL37*E37 -> 0
B38: 9 | C38: S6998RT2 | D38: KG | G38: 0 | AL38: =SUM(G38:AK38) -> 0 | AM38: =AL38*E38 -> 0
B39: 10 | C39: W60804$OS | D39: KG | G39: 0 | AL39: =SUM(G39:AK39) -> 0 | AM39: =AL39*E39 -> 0
B40: 11 | C40: W6066QL | D40: Kg | G40: 0 | AL40: =SUM(G40:AK40) -> 0 | AM40: =AL40*E40 -> 0
B41: 12 | C41: W6059-3$W3 | D41: KG | G41: 1673 | H41: 313 | I41: 746 | L41: 798 | M41: 309 | O41: 432 | P41: 744 | S41: 934 | T41: 317 | U41: 309 | W41: 314 | Z41: 308 | AA41: 304 | AC41: 1052 | AD41: 557 | AL41: =SUM(G41:AK41) -> 9110 | AM41: =AL41*E41 -> 0
B42: 13 | C42: W6005-4 | D42: KG | G42: 438 | H42: 189 | L42: 316 | S42: 252 | Z42: 892 | AL42: =SUM(G42:AK42) -> 2087 | AM42: =AL42*E42 -> 0
B43: 14 | C43: W60596 | D43: KG | G43: 0 | AL43: =SUM(G43:AK43) -> 0 | AM43: =AL43*E43 -> 0
B44: 15 | C44: W60713 | D44: KG | G44: 0 | AL44: =SUM(G44:AK44) -> 0 | AM44: =AL44*E44 -> 0
B45: 16 | C45: W60055 | D45: KG | G45: 0 | AL45: =SUM(G45:AK45) -> 0 | AM45: =AL45*E45 -> 0
B46: 17 | C46: W60664$OS | D46: KG | F46: 해동무역 신천 | G46: 636 | H46: 643 | J46: 637 | M46: 644 | O46: 648 | Q46: 641 | T46: 639 | V46: 650 | AA46: 620 | AC46: 624 | AD46: 632 | AE46: 636 | AL46: =SUM(G46:AK46) -> 7650 | AM46: =AL46*E46 -> 0
B47: 18 | C47: W6082$NA | D47: KG | H47: 217 | M47: 221 | O47: 113 | Q47: 112 | T47: 108 | V47: 109 | AL47: =SUM(G47:AK47) -> 880 | AM47: =AL47*E47 -> 0
B48: 19 | C48: W60905$OS | D48: KG | AL48: =SUM(G48:AK48) -> 0 | AM48: =AL48*E48 -> 0
B49: ㈜삼오테크 | C49: W60594FMB | D49: KG | F49: 삼오테크 | AL49: =SUM(G49:AK49) -> 0 | AM49: =AL49*E49 -> 0
C50: W60712FMB | D50: KG | AL50: =SUM(G50:AK50) -> 0 | AM50: =AL50*E50 -> 0
C51: W60433 | D51: KG | F51: 화승코프레이션 (연고무) | AD51: 259 | AL51: =SUM(G51:AK51) -> 259 | AM51: =AL51*E51 -> 0
B52: 신규 | C52: W60433$GT | D52: KG | G52: 499 | AL52: =SUM(G52:AK52) -> 499 | AM52: =AL52*E52 -> 0
C53: W60513M | D53: KG | I53: 1152 | M53: 514 | N53: 1884 | S53: 1878 | U53: 2323 | AB53: 1863 | AC53: 1409 | AG53: 2041 | AH53: 1199 | AI53: 1402 | AL53: =SUM(G53:AK53) -> 15665 | AM53: =AL53*E53 -> 0
B54: FFWED80104 | C54: W60514 | D54: KG | AL54: =SUM(G54:AK54) -> 0 | AM54: =AL54*E54 -> 0
B55: 신규 | C55: W60515 | D55: KG | T55: 458 | Z55: 560 | AL55: =SUM(G55:AK55) -> 1018 | AM55: =AL55*E55 -> 0
B56: FFWED80012 | C56: W6085YU | D56: KG | G56: 420 | I56: 489 | P56: 762 | V56: 496 | W56: 587 | AD56: 1074 | AL56: =SUM(G56:AK56) -> 3828 | AM56: =AL56*E56 -> 0
B57: FFWED60021 | C57: W60804$OS | D57: KG | AL57: =SUM(G57:AK57) -> 0 | AM57: =AL57*E57 -> 0
C58: W60906 | D58: KG | AL58: =SUM(G58:AK58) -> 0 | AM58: =AL58*E58 -> 0
C59: W60351 | D59: KG | AL59: =SUM(G59:AK59) -> 0 | AM59: =AL59*E59 -> 0
C60: W60664 | D60: KG | AL60: =SUM(G60:AK60) -> 0 | AM60: =AL60*E60 -> 0
C61: w60804 | D61: KG | AL61: =SUM(G61:AK61) -> 0 | AM61: =AL61*E61 -> 0
C62: w60922 | D62: KG | L62: 504 | S62: 922 | AA62: 525 | AG62: 512 | AK62: 670 | AL62: =SUM(G62:AK62) -> 3133 | AM62: =AL62*E62 -> 0
B63: FFWED80104 | C63: W60923 | D63: KG | G63: 1701 | L63: 1225 | M63: 1726 | N63: 1333 | S63: 735 | T63: 2073 | U63: 1586 | V63: 499 | AA63: 928 | AB63: 2590 | AC63: 1237 | AG63: 657 | AH63: 1750 | AI63: 311 | AL63: =SUM(G63:AK63) -> 18351 | AM63: =AL63*E63 -> 0
B64: 마감시 미포함? | C64: W60924 | D64: KG | AL64: =SUM(G64:AK64) -> 0 | AM64: =AL64*E64 -> 0
C65: IA4-75B_1 | D65: Kg | G65: 500 | L65: 500 | T65: 500 | AA65: 500 | AH65: 500 | AL65: =SUM(G65:AK65) -> 2500 | AM65: =AL65*E65 -> 0
B66: 12345679 | C66: B64E | D66: Kg | G66: 3000 | AA66: 3000 | AL66: =SUM(G66:AK66) -> 6000 | AM66: =AL66*E66 -> 0
B67: 12345681 | C67: L2KIA7-35B | D67: Kg | AL67: =SUM(G67:AK67) -> 0 | AM67: =AL67*E67 -> 0
C68: IA4-68B | D68: Kg | G68: 500 | L68: 500 | AH68: 500 | AL68: =SUM(G68:AK68) -> 1500 | AM68: =AL68*E68 -> 0
C69: IA4-78B | D69: Kg | L69: 500 | AL69: =SUM(G69:AK69) -> 500 | AM69: =AL69*E69 -> 0
B70: 국산화 | C70: XA1-65B_001 (명례) | D70: Kg | G70: 3000 | L70: 4000 | T70: 3000 | AA70: 3000 | AH70: 1000 | AL70: =SUM(G70:AK70) -> 14000 | AM70: =AL70*E70 -> 0
C71: XA1-80B_001 (명례) | D71: Kg | G71: 2000 | L71: 1000 | AH71: 1000 | AL71: =SUM(G71:AK71) -> 4000 | AM71: =AL71*E71 -> 0
C72: ED2-53B | D72: Kg | AL72: =SUM(G72:AK72) -> 0 | AM72: =AL72*E72 -> 0
B73: 12345680 | C73: ED2-52B | D73: Kg | G73: 500 | AL73: =SUM(G73:AK73) -> 500 | AM73: =AL73*E73 -> 0
C74: ED2-50B | D74: Kg | AL74: =SUM(G74:AK74) -> 0 | AM74: =AL74*E74 -> 0
B75: 추가 | C75: ED2-50B_001 | D75: Kg | T75: 500 | AL75: =SUM(G75:AK75) -> 500 | AM75: =AL75*E75 -> 0
B76: 추가 | C76: EA1-73B | D76: Kg | G76: 2000 | L76: 4000 | T76: 2000 | AA76: 2000 | AH76: 1000 | AL76: =SUM(G76:AK76) -> 11000 | AM76: =AL76*E76 -> 0
B77: 국산화 | C77: XD1-40B_002 | D77: Kg | AL77: =SUM(G77:AK77) -> 0 | AM77: =AL77*E77 -> 0
C78: ED2-48B | D78: Kg | AL78: =SUM(G78:AK78) -> 0 | AM78: =AL78*E78 -> 0
B79: 삼랑진 | C79: GM-B70EM | D79: Kg | AL79: =SUM(G79:AK79) -> 0 | AM79: =AL79*E79 -> 0
B80: 신천 | C80: IA4-80B (G) | D80: Kg | L80: 1000 | AH80: 575 | AL80: =SUM(G80:AK80) -> 1575 | AM80: =AL80*E80 -> 0
B81: 신천 | C81: GM-B64EM | D81: Kg | L81: 2000 | S81: 2000 | AA81: 1000 | AH81: 1000 | AL81: =SUM(G81:AK81) -> 6000 | AM81: =AL81*E81 -> 0
B82: 15424687 | C82: B-3 INR LIP | D82: Kg | F82: 세진SL | AL82: =SUM(G82:AK82) -> 0 | AM82: =AL82*E82 -> 0
B83: 56565656 | C83: M1412 | D83: Kg | F83: 대하 | AL83: =SUM(G83:AK83) -> 0 | AM83: =AL83*E83 -> 0
A84: 1 | B84: G2102-2012 | C84: NX4 G/RUN FRT A | D84: 2 | E84: 3725 | F84: 소재 삼랑진 | G84: 3600 | H84: 3600 | I84: 1800 | M84: 2400 | O84: 1800 | P84: 1200 | T84: 2700 | U84: 2180 | W84: 1800 | AA84: 5400 | AB84: 0 | AC84: 5400 | AD84: 0 | AL84: =SUM(G84:AK84) -> 31880 | AM84: =AL84*E84 -> 118753000 | AN84: =SUM(AM84:AM91) -> 303122920
A85: 2 | B85: G2102-2013 | C85: NX4 G/RUN FRT B | D85: 3 | E85: 4468 | G85: 1850 | H85: 1800 | I85: 1800 | N85: 2700 | O85: 1800 | P85: 1800 | V85: 3600 | W85: 1800 | AA85: 0 | AB85: 5470 | AC85: 0 | AD85: 0 | AL85: =SUM(G85:AK85) -> 22620 | AM85: =AL85*E85 -> 101066160
A86: 3 | B86: G2102-2014 | C86: NX4 G/RUN FRT C | D86: 3 | E86: 2178 | G86: 1900 | H86: 1600 | I86: 2000 | N86: 3000 | P86: 4000 | V86: 4000 | W86: 4000 | AA86: 0 | AB86: 0 | AC86: 0 | AD86: 4000 | AL86: =SUM(G86:AK86) -> 24500 | AM86: =AL86*E86 -> 53361000
A87: 4 | B87: G2110-0097 | C87: DT HOOD SEAL FRT "A" | D87: EA | E87: 1516 | M87: 3850 | T87: 6500 | AI87: 3340 | AL87: =SUM(G87:AK87) -> 13690 | AM87: =AL87*E87 -> 20754040
A88: 5 | B88: G2110-0098 | C88: DT HOOD SEAL FRT "B" | D88: EA | E88: 1064 | I88: 1970 | O88: =1300+1310+1400 -> 4010 | AI88: 2000 | AL88: =SUM(G88:AK88) -> 7980 | AM88: =AL88*E88 -> 8490720
A89: 6 | B89: F2144-0032 | C89: CE1 B parting seal RR SECT | D89: EA | E89: 349 | AC89: 2000 | AL89: =SUM(G89:AK89) -> 2000 | AM89: =AL89*E89 -> 698000
A90: 7 | B90: G1103-0683 | C90: FS D/SIDE FRT A | D90: EA | E90: 1036 | AL90: =SUM(G90:AK90) -> 0 | AM90: =AL90*E90 -> 0
A91: 8 | B91: G2103-0614 | C91: DS DR SIDE SECT D, HALF RR (475mm) | D91: EA | E91: 869
A92: 1 | B92: F2103-1709 | C92: DT(CREW) D/SIDE "A" RR ROLL | D92: EA | E92: 1125 | F92: 화승소재 신천 | G92: 2700 | H92: 3600 | L92: 3570 | M92: 7200 | P92: 4500 | S92: 7195 | AB92: 7200 | AC92: 6300 | AG92: 4425 | AI92: 8850 | AL92: =SUM(G92:AK92) -> 55540 | AM92: =AL92*E92 -> 62482500 | AN92: =SUM(AM92:AM114) -> 284765053
A93: 2 | B93: F2103-1710 | C93: DT(CREW) D/SIDE RR "B" ROLL | D93: EA | E93: 423 | G93: 8672 | M93: 21149 | O93: 10045 | P93: 14350 | Q93: 7175 | S93: 10045 | W93: 11480 | AA93: 33252 | AB93: 10024 | AC93: 8610 | AD93: 18120 | AI93: 17832 | AL93: =SUM(G93:AK93) -> 170754 | AM93: =AL93*E93 -> 72228942
A94: 3 | B94: F2103-1533 | C94: DT(CREW) D/SIDE "C" RR | D94: EA | E94: 2779 | O94: 3200 | Z94: 3200 | AJ94: 1600 | AL94: =SUM(G94:AK94) -> 8000 | AM94: =AL94*E94 -> 22232000
A95: 4 | B95: F2103-1536 | C95: DT D/SIDE QUAD "C" | D95: EA | E95: 2866 | AL95: =SUM(G95:AK95) -> 0 | AM95: =AL95*E95 -> 0
A96: 5 | B96: F2103-0606 | C96: DS D/SIDE RR A(CREW) | D96: EA | E96: 2047 | F96: 화승소재 신천 | M96: 1620 | S96: 2400 | AB96: 3060 | AG96: 2420 | AL96: =SUM(G96:AK96) -> 9500 | AM96: =AL96*E96 -> 19446500
A97: 6 | B97: F2103-0608 | C97: DS D/SIDE RR C (CREW) | D97: EA | E97: 2108 | P97: 2410 | AD97: 2405 | AK97: 732 | AL97: =SUM(G97:AK97) -> 5547 | AM97: =AL97*E97 -> 11693076
A98: 7 | B98: F2103-0615 | C98: DS D/SIDE A (STD) | D98: EA | E98: 1498 | S98: 805 | AL98: =SUM(G98:AK98) -> 805
A99: 8 | B99: F2103-0618 | C99: DS D/SIDE C (STD) | D99: EA | E99: 1843 | AL99: =SUM(G99:AK99) -> 0
A100: 9 | B100: F2103-0609 ? | C100: DS D/SIDE RR D (CREW) | D100: EA | AL100: =SUM(G100:AK100) -> 0 | AM100: =AL100*E100 -> 0
...

Sheet 부자재매입내역
B1: ▣ 07월 부자재매입내역
B2: 순서 | C2: 자재코드 | D2: 품명 및 규격 | E2: 단위 | F2: 구매처 | G2: 1 | H2: 2 | I2: 3 | J2: 4 | K2: 5 | L2: 6 | M2: 7 | N2: 8 | O2: 9 | P2: 10 | Q2: 11 | R2: 12 | S2: 13 | T2: 14 | U2: 15 | V2: 16 | W2: 17 | X2: 18 | Y2: 19 | Z2: 20 | AA2: 21 | AB2: 22 | AC2: 23 | AD2: 24 | AE2: 25 | AF2: 26 | AG2: 27 | AH2: 28 | AI2: 29 | AJ2: 30 | AK2: 31 | AL2: TOTAL
B3: 건 화 | C3: 31000462 | D3: QZ CORNER COVER LH | E3: EA | F3: 건화플라테크 | AL3: =SUM(G3:AK3) -> 0
C4: 30110463 | D4: QZ CORNER COVER RH | E4: EA | F4: 건화플라테크 | AL4: =SUM(G4:AK4) -> 0
B5: 화승R&A 부자재 | C5: 31010181 | D5: CAP 82210-4E000 | E5: EA | F5: 건화플라테크 | H5: 3000 | O5: 3000 | AJ5: 5000 | AL5: =SUM(G5:AK5) -> 11000
C6: 31010182 | D6: CAP 82220-4E000 | E6: EA | F6: 건화플라테크 | H6: 3000 | O6: 3000 | AJ6: 5000 | AL6: =SUM(G6:AK6) -> 11000
C7: 31010183 | D7: CLIP 82210-4E000(WHITE) | E7: EA | F7: 건화플라테크 | H7: 20000 | O7: 30000 | AJ7: 40000 | AL7: =SUM(G7:AK7) -> 90000
C8: 31010184 | D8: CLIP 82220-4E000(YELLOW) | E8: EA | F8: 건화플라테크 | H8: 20000 | O8: 30000 | AJ8: 40000 | AL8: =SUM(G8:AK8) -> 90000
C9: 31010185 | D9: PU D/C END CAP① | E9: EA | F9: 건화플라테크 | H9: 1000 | AL9: =SUM(G9:AK9) -> 1000
C10: 31010186 | D10: PU D/C END CAP② | E10: EA | F10: 건화플라테크 | H10: 1000 | AL10: =SUM(G10:AK10) -> 1000
C11: 31010187 | D11: PU D/C END CAP③ | E11: EA | F11: 건화플라테크 | H11: 1000 | AL11: =SUM(G11:AK11) -> 1000
C12: 31010188 | D12: PU D/C END CAP④ | E12: EA | F12: 건화플라테크 | H12: 1000 | AL12: =SUM(G12:AK12) -> 1000
C13: 31010047 | D13: GS-034 MOUNTING CLIP | E13: EA | F13: 건화플라테크 | H13: 150000 | O13: 150000 | V13: 150000 | AC13: 200000 | AJ13: 300000 | AL13: =SUM(G13:AK13) -> 950000
C14: 31010350 | D14: FS-CAR CTR SEAL CLIP | E14: EA | F14: 건화플라테크 | AL14: =SUM(G14:AK14) -> 0
C15: 31020296 | D15: FS INSERT 수지 FRT LH(LHD) | E15: EA | F15: 건화플라테크 | AL15: =SUM(G15:AK15) -> 0
C16: 31020297 | D16: FS INSERT 수지 FRT RH(LHD) | E16: EA | F16: 건화플라테크 | AL16: =SUM(G16:AK16) -> 0
C17: 31020298 | D17: FS INSERT 수지 RR RH(LHD) | E17: EA | F17: 건화플라테크 | AL17: =SUM(G17:AK17) -> 0
C18: 31020299 | D18: FS INSERT 수지 FRT LH(RHD) | E18: EA | F18: 건화플라테크 | AL18: =SUM(G18:AK18) -> 0
C19: 31020300 | D19: FS INSERT 수지 FRT RH(RHD) | E19: EA | F19: 건화플라테크 | AL19: =SUM(G19:AK19) -> 0
C20: 31020301 | D20: FS INSERT 수지 RR LH(RHD) | E20: EA | F20: 건화플라테크 | AL20: =SUM(G20:AK20) -> 0
C21: 31010077 | D21: 특수 CLIP GS-038 82132-38000 | E21: EA | F21: 건화플라테크 | AL21: =SUM(G21:AK21) -> 0
C22: 31010076 | D22: 일반 CLIP GS-073(WH) | E22: EA | F22: 건화플라테크 | AL22: =SUM(G22:AK22) -> 0
C23: 31010127 | D23: 일반 CLIP GS-073(GR) | E23: EA | F23: 건화플라테크 | AJ23: 30000 | AL23: =SUM(G23:AK23) -> 30000
C24: 31010358 | D24: 일반 CLIP GS-073(BR) | E24: EA | F24: 건화플라테크 | AL24: =SUM(G24:AK24) -> 0
C25: 31010359 | D25: 일반 CLIP GS-073(OR) | E25: EA | F25: 건화플라테크 | AL25: =SUM(G25:AK25) -> 0
C26: 31010272 | D26: NF CLIP OR 86472-3K000 | E26: EA | F26: 건화플라테크 | AL26: =SUM(G26:AK26) -> 0
C27: 31010081 | D27: 특수 CLIP GS-039 OR 82133-37000 | E27: EA | F27: 건화플라테크 | AL27: =SUM(G27:AK27) -> 0
C28: 31010037 | D28: GS-024 MOUNTING CLIP | E28: EA | F28: 건화플라테크 | AC28: 50000 | AL28: =SUM(G28:AK28) -> 50000
C29: 31010280 | D29: DCX DS ROOP CLIP(RE) | E29: EA | F29: 건화플라테크 | AL29: =SUM(G29:AK29) -> 0
C30: 31010281 | D30: DCX DS ROOP CLIP(BL) | E30: EA | F30: 건화플라테크 | AL30: =SUM(G30:AK30) -> 0
C31: 31010278 | D31: DCX DS ROOP CLIP(WH) | E31: EA | F31: 건화플라테크 | H31: 50000 | V31: 100000 | AC31: 50000 | AJ31: 150000 | AL31: =SUM(G31:AK31) -> 350000
C32: 31010279 | D32: DCX DS ROOP CLIP(YE) | E32: EA | F32: 건화플라테크 | H32: 100000 | O32: 50000 | V32: 150000 | AC32: 100000 | AJ32: 200000 | AL32: =SUM(G32:AK32) -> 600000
C33: 31010282 | D33: CLIP,D/S A-PLR MOLD(BLACK) | E33: EA | F33: 건화플라테크 | AL33: =SUM(G33:AK33) -> 0
C34: 31010283 | D34: CLIP,D/S B-PLR MOLD(BLACK) | E34: EA | F34: 건화플라테크 | H34: 27000 | O34: 27000 | AL34: =SUM(G34:AK34) -> 54000
C35: 31011111 | D35: DS BODY MOUNT CLIP BK | E35: EA | F35: 건화플라테크 | AL35: =SUM(G35:AK35) -> 0
C36: 31010380 | D36: DCX DS D/S CLIP(GR) | E36: EA | F36: 건화플라테크 | H36: 50000 | V36: 50000 | AL36: =SUM(G36:AK36) -> 100000
C37: 31010384 | D37: M46-0595-02(국산 BLACK) | E37: EA | F37: 건화플라테크 | H37: 120000 | O37: 160000 | AC37: 200000 | AJ37: 300000 | AL37: =SUM(G37:AK37) -> 780000
C38: 3101038401 | D38: M46-0595-02 PF HOOD SEAL CILP(PA)BK | E38: EA | F38: 건화플라테크 | H38: 160000 | O38: 40000 | V38: 120000 | AC38: 120000 | AJ38: 120000 | AL38: =SUM(G38:AK38) -> 560000
C39: 31010982 | D39: M46-0595-02(Dark Gray)-도은 | E39: EA | F39: 건화플라테크 | AL39: =SUM(G39:AK39) -> 0
C40: 31010383 | D40: M46-0580-02(ITW-보라색) PURPLE | E40: EA | F40: 건화플라테크 | AL40: =SUM(G40:AK40) -> 0
C41: 31010371 | D41: M46-0580-02(ITW-빨간색) | E41: EA | F41: 건화플라테크 | AL41: =SUM(G41:AK41) -> 0
C42: 31010373 | D42: M46-0580-02(ITW-노란색) | E42: EA | F42: 건화플라테크 | AL42: =SUM(G42:AK42) -> 0
C43: 31010374 | D43: M46-0580-02(ITW-오렌지) | E43: EA | F43: 건화플라테크 | H43: 300000 | O43: 300000 | V43: 250000 | AC43: 150000 | AJ43: 400000 | AL43: =SUM(G43:AK43) -> 1400000
C44: 31010375 | D44: M46-0580-02(ITW-파랑색) | E44: EA | F44: 건화플라테크 | H44: 350000 | O44: 300000 | V44: 300000 | AC44: 150000 | AJ44: 400000 | AL44: =SUM(G44:AK44) -> 1500000
C45: 31010379 | D45: M46-0600-02 (BLACK) | E45: EA | F45: 건화플라테크 | AL45: =SUM(G45:AK45) -> 0
C46: 31010668 | D46: GH501(RED) | E46: EA | F46: 건화플라테크 | AJ46: 50000 | AL46: =SUM(G46:AK46) -> 50000
C47: 31060459 | D47: T300 JOINT CLIP BK | E47: EA | F47: 건화플라테크 | V47: 100000 | AL47: =SUM(G47:AK47) -> 100000
C48: 31010669 | D48: GH508(BLACK) | E48: EA | F48: 건화플라테크 | AL48: =SUM(G48:AK48) -> 0
C49: 31010440 | D49: GH -105 BK 블랙(화살촉 모양) | E49: EA | F49: 건화플라테크 | AL49: =SUM(G49:AK49) -> 0
C50: 31010311 | D50: M46-0580-01 (WHITE) | E50: EA | F50: 건화플라테크 | H50: 150000 | O50: 200000 | V50: 100000 | AC50: 150000 | AJ50: 350000 | AL50: =SUM(G50:AK50) -> 950000
C51: 31010369 | D51: M46-0580-02 (WHITE) | E51: EA | F51: 건화플라테크 | AL51: =SUM(G51:AK51) -> 0
C52: 31010673 | D52: M46-0580-02 (GREEN) | E52: EA | F52: 건화플라테크 | AL52: =SUM(G52:AK52) -> 0
C53: 31010346 | D53: M46-0580-02 (ORANGE) | E53: EA | F53: 건화플라테크 | AL53: =SUM(G53:AK53) -> 0
C54: 31010345 | D54: M46-0580-02 (BLUE) | E54: EA | F54: 건화플라테크 | AL54: =SUM(G54:AK54) -> 0
C55: 31011253 | D55: LQ2 클립 (WH) | E55: EA | F55: 건화플라테크 | AJ55: 100000 | AL55: =SUM(G55:AK55) -> 100000
C56: 31011254 | D56: LQ2 클립 (BR) | E56: EA | F56: 건화플라테크 | AJ56: 100000 | AL56: =SUM(G56:AK56) -> 100000
C57: 31010158 | D57: EG END CAP ① | E57: EA | F57: 거승플라테크 | AL57: =SUM(G57:AK57) -> 0
C58: 31010159 | D58: EG END CAP ② | E58: EA | F58: 거승플라테크 | AL58: =SUM(G58:AK58) -> 0
C59: 31010160 | D59: EG END CAP ③ | E59: EA | F59: 거승플라테크 | AL59: =SUM(G59:AK59) -> 0
C60: 31010161 | D60: EG END CAP ④ | E60: EA | F60: 거승플라테크 | AL60: =SUM(G60:AK60) -> 0
C61: 31010170 | D61: EG CLIP(W) | E61: EA | F61: 거승플라테크 | V61: 5000 | AJ61: 5000 | AL61: =SUM(G61:AK61) -> 10000
C62: 31010171 | D62: EG CLIP(Y) | E62: EA | F62: 거승플라테크 | V62: 5000 | AJ62: 5000 | AL62: =SUM(G62:AK62) -> 10000
C63: 31010154 | D63: W-3 END CAP 大 (LH) | E63: EA | F63: 거승플라테크 | AL63: =SUM(G63:AK63) -> 0
C64: 31010155 | D64: W-3 END CAP 大 (RH) | E64: EA | F64: 거승플라테크 | AL64: =SUM(G64:AK64) -> 0
C65: 31010156 | D65: W-3 END CAP 小 (RH) | E65: EA | F65: 거승플라테크 | AL65: =SUM(G65:AK65) -> 0
C66: 31010157 | D66: W-3 END CAP 小 (LH) | E66: EA | F66: 거승플라테크 | AL66: =SUM(G66:AK66) -> 0
C67: 31010162 | D67: W-3 CLIP(GREEN) | E67: EA | F67: 거승플라테크 | AL67: =SUM(G67:AK67) -> 0
C68: 31010163 | D68: W-3 CLIP(WHITE) | E68: EA | F68: 거승플라테크 | AL68: =SUM(G68:AK68) -> 0
C69: 31010152 | D69: W-3 D/CAB END CAP ① | E69: EA | F69: 거승플라테크 | AL69: =SUM(G69:AK69) -> 0
C70: 31010153 | D70: W-3 D/CAB END CAP ② | E70: EA | F70: 거승플라테크 | AL70: =SUM(G70:AK70) -> 0
C71: 31010177 | D71: W-3 CLIP(Y) | E71: EA | F71: 거승플라테크 | AL71: =SUM(G71:AK71) -> 0
C72: 31010178 | D72: W-3 CLIP(B) | E72: EA | F72: 거승플라테크 | AL72: =SUM(G72:AK72) -> 0
C73: 31010179 | D73: W-3 CLIP(R) | E73: EA | F73: 거승플라테크 | AL73: =SUM(G73:AK73) -> 0
C74: 31010253 | D74: GV END CAP LH-X | E74: EA | F74: 거승플라테크 | O74: 1000 | AJ74: 1000 | AL74: =SUM(G74:AK74) -> 2000
C75: 31010254 | D75: GV END CAP RH-X | E75: EA | F75: 거승플라테크 | O75: 1000 | AJ75: 1000 | AL75: =SUM(G75:AK75) -> 2000
C76: 31010255 | D76: GV END CAP LH-Y | E76: EA | F76: 거승플라테크 | O76: 1000 | AJ76: 1000 | AL76: =SUM(G76:AK76) -> 2000
C77: 31010256 | D77: GV END CAP RH-Y | E77: EA | F77: 거승플라테크 | O77: 1000 | AJ77: 1000 | AL77: =SUM(G77:AK77) -> 2000
C78: 31010168 | D78: C001 | E78: EA | F78: 거승플라테크 | AL78: =SUM(G78:AK78) -> 0
C79: 31010169 | D79: C002 | E79: EA | F79: 거승플라테크 | AL79: =SUM(G79:AK79) -> 0
C80: 31010035 | D80: DENNISON PIN | E80: EA | F80: 거승플라테크 | AL80: =SUM(G80:AK80) -> 0
C81: 31060663 | D81: FCA DT INSERT RH R부 | E81: EA | F81: 거승플라테크 | H81: 8000 | O81: 7000 | V81: 7000 | AC81: 7000 | AJ81: 15000 | AL81: =SUM(G81:AK81) -> 44000
C82: 31060664 | D82: FCA DT INSERT LH R부 | E82: EA | F82: 거승플라테크 | H82: 8000 | O82: 7000 | V82: 7000 | AC82: 7000 | AJ82: 15000 | AL82: =SUM(G82:AK82) -> 44000
C83: 31060706 | D83: FCA DT INSERT RH S부 | E83: EA | F83: 거승플라테크 | O83: 1000 | AJ83: 1000 | AL83: =SUM(G83:AK83) -> 2000
C84: 31060707 | D84: FCA DT INSERT LH S부 | E84: EA | F84: 거승플라테크 | O84: 1000 | AJ84: 1000 | AL84: =SUM(G84:AK84) -> 2000
C85: 31000071 | D85: 철CLIP(84379-43001) | E85: EA | F85: 한텍테크놀리지 | AL85: =SUM(G85:AK85) -> 0
C86: 31030118 | D86: EPDM PAD (3T*10W*70L)_블랙 | E86: EA | F86: 우봉 | H86: 10000 | V86: 10000 | AC86: 10000 | AJ86: 10000 | AL86: =SUM(G86:AK86) -> 40000
C87: 31030732 | D87: EPDM PAD (3T*10W*70L)-아이보리 | E87: EA | F87: 삼도산업 | H87: 10000 | O87: 10000 | V87: 10000 | AL87: =SUM(G87:AK87) -> 30000
C88: 31050047 | D88: EPDM PAD 5*10*70 | E88: EA | F88: 우봉 | H88: 10000 | O88: 10000 | V88: 10000 | AC88: 10000 | AJ88: 10000 | AL88: =SUM(G88:AK88) -> 50000
C89: 31030587 | D89: EPDM PAD (3T*10W*82L , LH) | E89: EA | F89: 우봉 | AL89: =SUM(G89:AK89) -> 0
C90: 31030588 | D90: EPDM PAD (3T*10W*82L , RH) | E90: EA | F90: 우봉 | AL90: =SUM(G90:AK90) -> 0
C91: 31030700 | D91: EPDM PAD (3T*7W*323L) | E91: EA | F91: 우봉 | AL91: =SUM(G91:AK91) -> 0
C92: 31050267 | D92: EPDM PAD 5*17*70(LH) | E92: EA | F92: 우봉 | AL92: =SUM(G92:AK92) -> 0
C93: 31050271 | D93: EPDM PAD 5*17*70(RH) | E93: EA | F93: 우봉 | AL93: =SUM(G93:AK93) -> 0
C94: 31010257 | D94: 3101-0257(BL CLIP) | E94: EA | F94: 우봉 | AL94: =SUM(G94:AK94) -> 0
C95: 31030032 | D95: EPDM PAD 3*6*40 | E95: EA | F95: 우봉 | AL95: =SUM(G95:AK95) -> 0
C96: 31030033 | D96: EPDM PAD 5*6*65 | E96: EA | F96: 우봉 | AL96: =SUM(G96:AK96) -> 0
C97: 31030037 | D97: EPDM (고) PAD 3*8*80 | E97: EA | F97: 우봉 | AL97: =SUM(G97:AK97) -> 0
C98: 31050415 | D98: BUTYL PAD 1*8*125(LHD) | E98: EA | F98: 우봉 | V98: 1000 | AL98: =SUM(G98:AK98) -> 1000
C99: 31050416 | D99: BUTYL PAD 1*8*125(RHD) | E99: EA | F99: 우봉 | AL99: =SUM(G99:AK99) -> 0
C100: 31050339 | D100: BUTYL 1*8*30 | E100: EA | F100: 우봉 | V100: 1000 | AL100: =SUM(G100:AK100) -> 1000
...

Sheet 기타매입내역
B1: ▣ 07월 기타매입내역
B2: 순서 | C2: 자재코드 | D2: 품명 및 규격 | E2: 단위 | F2: 단가 | G2: 1 | H2: 2 | I2: 3 | J2: 4 | K2: 5 | L2: 6 | M2: 7 | N2: 8 | O2: 9 | P2: 10 | Q2: 11 | R2: 12 | S2: 13 | T2: 14 | U2: 15 | V2: 16 | W2: 17 | X2: 18 | Y2: 19 | Z2: 20 | AA2: 21 | AB2: 22 | AC2: 23 | AD2: 24 | AE2: 25 | AF2: 26 | AG2: 27 | AH2: 28 | AI2: 29 | AJ2: 30 | AK2: 31 | AL2: TOTAL | AM2: 공급가액
A3: 포장재 | B3: 대성종합상사 | C3: 비닐 | D3: 0.05*450 | E3: EA | F3: 51200 | AL3: =SUM(G3:AK3) -> 0 | AM3: =F3*AL3 -> 0 | AN3: =SUM(AM3:AM10) -> 0
C4: 비닐 | D4: 0.05*150(A,B동 비닐) | E4: EA | F4: 39000 | AL4: =SUM(G4:AK4) -> 0 | AM4: =F4*AL4 -> 0
C5: 비닐 | D5: 0.04*28*45 | E5: EA | F5: 42 | AL5: =SUM(G5:AK5) -> 0 | AM5: =F5*AL5 -> 0
C6: 비닐 | D6: 0.1*28*45 | E6: EA | F6: 120 | AL6: =SUM(G6:AK6) -> 0 | AM6: =F6*AL6 -> 0
C7: 비닐 | D7: 215*215 | E7: EA | F7: 1490 | AL7: =SUM(G7:AK7) -> 0 | AM7: =F7*AL7 -> 0
C8: 비닐 | D8: 120*100 | E8: EA | F8: 390 | AL8: =SUM(G8:AK8) -> 0 | AM8: =F8*AL8 -> 0
C9: HD | D9: 150*457 | E9: EA | F9: 108000 | AL9: =SUM(G9:AK9) -> 0 | AM9: =F9*AL9 -> 0
C10: HD | D10: 70*80 | E10: EA | F10: 95 | AL10: =SUM(G10:AK10) -> 0 | AM10: =F10*AL10 -> 0
B11: 성환폐키지 | C11: 면보루 | D11: 4.5KG | E11: EA | F11: 8500 | I11: 20 | AB11: 20 | AL11: =SUM(G11:AK11) -> 40 | AM11: =F11*AL11 -> 340000 | AN11: =SUM(AM11:AM17) -> 1690000
C12: 포장필름단칼(A,B동 비닐) | D12: 0.03*150*140 | E12: 롤 | F12: 52500 | I12: 20 | AL12: =SUM(G12:AK12) -> 20 | AM12: =F12*AL12 -> 1050000
C13: HD포장필름단칼(압출 소재 포장) | D13: 0.03*150*457 | E13: 롤 | F13: 148000 | AL13: =SUM(G13:AK13) -> 0 | AM13: =F13*AL13 -> 0
C14: HD포장필름단칼(압출 소재 포장) | D14: 0.03*150*150 | E14: 롤 | F14: 48500 | AL14: =SUM(G14:AK14) -> 0 | AM14: =F14*AL14 -> 0
C15: HD | D15: 70*80(엑셀 오피닝) | E15: EA | F15: 68 | AL15: =SUM(G15:AK15) -> 0 | AM15: =F15*AL15 -> 0
C16: 비닐 | D16: 0.03*120*100 | E16: EA | F16: 300 | AB16: 1000 | AL16: =SUM(G16:AK16) -> 1000 | AM16: =F16*AL16 -> 300000
C17: 비닐 | D17: 0.03*120*100(노랑) | E17: EA | F17: 245 | AL17: =SUM(G17:AK17) -> 0 | AM17: =F17*AL17 -> 0
B18: 태영지관 | C18: 70*48 | D18: VF 34, VF 35 | E18: EA | F18: 70 | AL18: =SUM(G18:AK18) -> 0 | AM18: =F18*AL18 -> 0 | AN18: =SUM(AM18:AM21) -> 0
C19: 70*140 | D19: NX4 a | E19: EA | F19: 120 | AL19: =SUM(G19:AK19) -> 0 | AM19: =F19*AL19 -> 0
C20: 70*285 | D20: BDM HOOD | E20: EA | F20: 140 | AL20: =SUM(G20:AK20) -> 0 | AM20: =F20*AL20 -> 0
C21: 70*320 | D21: 사용 하지 않음. | E21: EA | F21: 260 | AL21: =SUM(G21:AK21) -> 0 | AM21: =F21*AL21 -> 0
B22: 삼신포장 | C22: 수출박스 | D22: 850*400*200 | E22: EA | F22: 1650 | AL22: =SUM(G22:AK22) -> 0 | AM22: =F22*AL22 -> 0 | AN22: =SUM(AM22:AM24) -> 0
C23: 패드 | D23: 1040*385 | E23: EA | F23: 308 | AL23: =SUM(G23:AK23) -> 0 | AM23: =F23*AL23 -> 0
C24: 패드 | D24: KASK 850*275 | E24: EA | F24: 213 | AL24: =SUM(G24:AK24) -> 0 | AM24: =F24*AL24 -> 0
A25: 라벨류 | B25: OK버원시스템 라벨지 | C25: 백색분홍띠(NX4:적색) | D25: 104 x 120M | E25: 롤 | F25: 25300 | N25: 5 | AL25: =SUM(G25:AK25) -> 5 | AM25: =F25*AL25 -> 126500 | AN25: =SUM(AM25:AM35) -> 237500
C26: 백색분홍라인연속라벨지 | D26: 104 x 120M | E26: 롤 | F26: 21000 | N26: 2 | AL26: =SUM(G26:AK26) -> 2 | AM26: =F26*AL26 -> 42000
C27: 노랑색 연속 라벨지 | D27: 104 x 120M | E27: 롤 | F27: 22000 | AL27: =SUM(G27:AK27) -> 0 | AM27: =F27*AL27 -> 0
C28: 노랑색(JK1 1공장 LH) | D28: 104 x 120M | E28: 롤 | F28: 23000 | N28: 2 | AL28: =SUM(G28:AK28) -> 2 | AM28: =F28*AL28 -> 46000
C29: 주황섹(JK1 1겅징 RH) | D29: 105 x 120M | E29: 롤 | F29: 23000 | N29: 1 | AL29: =SUM(G29:AK29) -> 1 | AM29: =F29*AL29 -> 23000
C30: 하늘색(JK1 2공장 LH) | D30: 105 x 120M | E30: 롤 | F30: 23000 | AL30: =SUM(G30:AK30) -> 0 | AM30: =F30*AL30 -> 0
C31: 분홍색(JK1 2공장 RH) | D31: 105 x 120M | E31: 롤 | F31: 23000 | AL31: =SUM(G31:AK31) -> 0 | AM31: =F31*AL31 -> 0
C32: 파랑색 연속 라벨지 | D32: 104 x 120M | E32: 롤 | F32: 23000 | AL32: =SUM(G32:AK32) -> 0 | AM32: =F32*AL32 -> 0
C33: 주황색 연속 라벨지 | D33: 104 x 120M | E33: 롤 | F33: 22000 | AL33: =SUM(G33:AK33) -> 0 | AM33: =F33*AL33 -> 0
C34: 백색연속라벨지 | D34: 104 x 120M | E34: 롤 | F34: 22000 | AL34: =SUM(G34:AK34) -> 0 | AM34: =F34*AL34 -> 0
C35: 하늘색연속라벨지 | D35: 104 x 120M | E35: 롤 | F35: 23000 | AL35: =SUM(G35:AK35) -> 0 | AM35: =F35*AL35 -> 0
B36: ㈜도서출판 밀양 | C36: 기계스티커 | E36: EA | F36: 17 | AL36: =SUM(G36:AK36) -> 0 | AM36: =F36*AL36 -> 0 | AN36: =SUM(AM36:AM38) -> 0
C37: 기계스티커 | E37: EA | AL37: =SUM(G37:AK37) -> 0 | AM37: =F37*AL37 -> 0
C38: 기계스티커 | E38: EA | AL38: =SUM(G38:AK38) -> 0 | AM38: =F38*AL38 -> 0
A39: 본드.오일 | B39: 광신상사 | C39: 잡동유 | D39: Hydraulic Si M 46 | E39: EA | F39: 300000 | AL39: =SUM(G39:AK39) -> 0 | AM39: =F39*AL39 -> 0 | AN39: =AM39 -> 0
B40: 인동윤활유 | C40: SHELL 텔라스 S2 M #46 | E40: 200L | F40: 495000 | AL40: =SUM(G40:AK40) -> 0 | AM40: =F40*AL40 -> 0
C41: 에이원 사계절용 부동액 | D41: 3L/4EA | E41: B?X | F41: 44000 | AL41: =SUM(G41:AK41) -> 0 | AM41: =F41*AL41 -> 0
C42: Shell 코레나 S3R #46 | D42: 회전 로타리형 콤프레셔 오일 20L | F42: 96800 | AL42: =SUM(G42:AK42) -> 0 | AM42: =F42*AL42 -> 0
C43: Shell 하이드로릭(신,내마모성유압작동유) | D43: S1 M #46 | E43: D/M | F43: 320000 | AL43: =SUM(G43:AK43) -> 0 | AM43: =F43*AL43 -> 0
C44: SHELL 회전압축기 코레나 | D44: S3 R #32(20L) | E44: P/L | F44: 88000 | AL44: =SUM(G44:AK44) -> 0 | AM44: =F44*AL44 -> 0
B45: 금조종합상사 | C45: 케미록휠타지(양모) | D45: 1500*2000*25 | E45: EA | F45: 980000 | AL45: =SUM(G45:AK45) -> 0 | AM45: =F45*AL45 -> 0 | AN45: =SUM(AM45:AM48) -> 800000
C46: 케미록휠타지(양모) | D46: 1000*1000*20T | E46: EA | F46: 640000 | AL46: =SUM(G46:AK46) -> 0 | AM46: =F46*AL46 -> 0
C47: 톨루엔 | D47: 오륙사용-조영계산서발행 | E47: 말 | F47: 80000 | I47: 10 | AL47: =SUM(G47:AK47) -> 10 | AM47: =F47*AL47 -> 800000
C48: 에탄올 | D48: 오륙사용-오륙계산서 | E48: 말 | F48: 65000 | AL48: =SUM(G48:AK48) -> 0 | AM48: =F48*AL48 -> 0
B49: ㈜ 이닉스 | C49: EX4008(600)5mm*3m | E49: M | F49: 6205 | AL49: =SUM(G49:AK49) -> 0 | AM49: =AL49*F49 -> 0 | AN49: =SUM(AM49:AM51) -> 0
C50: 115++primer 1L/CAN | E50: CAN | F50: 31630 | AL50: =SUM(G50:AK50) -> 0 | AM50: =AL50*F50 -> 0
C51: 윤차장님 발주 | AL51: =SUM(G51:AK51) -> 0 | AM51: =F51*AL51 -> 0
B52: ㈜이노캠 | C52: TE 6802(4.5KG) | D52: 9BQC 글라스본드 | E52: EA | F52: 945400 | L52: 2 | AL52: =SUM(G52:AK52) -> 2 | AM52: =F52*AL52 -> 1890800 | AN52: =SUM(AM52:AM53) -> 2610800
C53: IP-115++/1L | D53: 삼랑진.신천사용 | E53: EA | F53: 30000 | L53: 12 | T53: 12 | AL53: =SUM(G53:AK53) -> 24 | AM53: =F53*AL53 -> 720000
B54: 씨제이캠 | C54: BCS -NEW1000(D) | D54: 20kg(친환경톨루엔) | E54: KG | F54: 185020 | T54: 1 | AL54: =SUM(G54:AK54) -> 1 | AN54: =F54*AL54 -> 185020 | AO54: 법인카드결재 ( 26년 3월12일 부터 법인카드로 결재진행)
B55: (주)승호 | C55: 유성코팅제 | D55: HSC-2000-B-3 | E55: 캔(6kg) | F55: 단가저렴 | AL55: =SUM(G55:AK55) -> 0 | AO55: 4140-3980-0108-8229
B56: 아이제 코리아 | C56: 5152 희석재 | D56: 신천 부림텍 | E56: ea | F56: 35000 | AL56: =SUM(G56:AK56) -> 0 | AM56: =F56*AL56 -> 0
A57: 폐고무.폐수 | B57: 주식회사 정성 | C57: 페고무처리비 | D57: (동영테크 이관업체) 대정에서 주식회사 정성으로 법인전환 | E57: EA | F57: 80 | L57: 3360 | AL57: =SUM(G57:AK57) -> 3360 | AM57: =F57*AL57 -> 268800
B58: 일성에스지 | C58: 운반비 | E58: 대 | AL58: =SUM(G58:AK58) -> 0 | AM58: =F58*AL58 -> 0
C59: 폐기물 | E59: kg | F59: 180 | AI59: 4080 | AL59: =SUM(G59:AK59) -> 4080 | AM59: =F59*AL59 -> 734400
B60: 한국알앤티 | C60: 폐고무 | E60: KG | F60: 100 | N60: 8860 | AL60: =SUM(G60:AK60) -> 8860 | AM60: =F60*AL60 -> 886000
B61: 아성산업 | C61: 계산서 미발행-무료수거 | E61: KG | F61: 0 | AL61: =SUM(G61:AK61) -> 0 | AM61: =F61*AL61 -> 0
B62: ㈜수진산업 | C62: 폐수 처리비용 | E62: EA | F62: 700000 | AL62: =SUM(G62:AK62) -> 0 | AM62: =F62*AL62 -> 0
A63: 압출동 기계수리 외 | B63: 아이제코리아 | C63: FILTER CARTRIDGE(X1)-SA-SB | D63: 5151 | E63: EA | F63: 346500 | AL63: =SUM(G63:AK63) -> 0 | AM63: =F63*AL63 -> 0
C64: ADDITIVE-5191J-(1X1L) | D64: 5152 | E64: EA | F64: 35000 | AL64: =SUM(G64:AK64) -> 0 | AM64: =F64*AL64 -> 0
B65: 우정기계 | C65: 베벨기어 | D65: m2.5x30T 2조 가공열처리 | E65: EA | F65: 120000 | AL65: =SUM(G65:AK65) -> 0 | AM65: =F65*AL65 -> 0 | AN65: =AM65 -> 0
C66: 가공 | E66: EA | F66: 110000 | O66: 2 | AL66: =SUM(G66:AK66) -> 2 | AM66: =F66*AL66 -> 220000 | AN66: 법인카드
C67: 체인카푸링가공(PCM 1호기) | D67: 60*18T | E67: EA | F67: 100000 | AL67: =SUM(G67:AK67) -> 0 | AM67: =F67*AL67 -> 0 | AN67: =AM67 -> 0
C68: 연마봉 | D68: Φ16 x 850(열처리용) | E68: EA | F68: 80000 | AL68: =SUM(G68:AK68) -> 0 | AM68: =F68*AL68 -> 0 | AN68: =AM68 -> 0
C69: 카본로라 | E69: EA | F69: 30000 | AL69: =SUM(G69:AK69) -> 0 | AM69: =F69*AL69 -> 0 | AN69: =AM69 -> 0
C70: 핀가공 | D70: MC가공외 | E70: EA | F70: 400000 | AL70: =SUM(G70:AK70) -> 0 | AM70: =F70*AL70 -> 0 | AN70: =AM70 -> 0
B71: 대일기공사 | C71: 에어금형그라인더 | D71: B/L B/R 프론트플레이 | E71: EA | F71: 28000 | AL71: =SUM(G71:AK71) -> 0 | AM71: =F71*AL71 -> 0 | AN71: =SUM(AM71:AM75) -> 0
C72: 에어금형그라인더 | D72: B/L B/R 캡교환,실린더연마 | E72: EA | F72: 38000 | AL72: =SUM(G72:AK72) -> 0 | AM72: =F72*AL72 -> 0
C73: 에어금형그라인더 | D73: UDT 3BSN | E73: EA | F73: 90000 | AL73: =SUM(G73:AK73) -> 0 | AM73: =F73*AL73 -> 0
C74: 초경드릴날재연마 | D74: 3 | E74: EA | F74: 3000 | AL74: =SUM(G74:AK74) -> 0 | AM74: =F74*AL74 -> 0
C75: 초경드릴날재연마 | D75: 3.5 | E75: EA | F75: 13000 | AL75: =SUM(G75:AK75) -> 0 | AM75: =F75*AL75 -> 0
B76: 남양유공압 | C76: AIR GRIPPER | D76: KPG01-25 | E76: EA | F76: 223000 | AL76: =SUM(G76:AK76) -> 0 | AM76: =F76*AL76 -> 0
B77: 명가엔지니어링 | C77: 03A-B 체크 | D77: 1식 | E77: EA | F77: 250000 | AL77: =SUM(G77:AK77) -> 0 | AM77: =F77*AL77 -> 0
C78: 노즐밸브청소 원일75-1 | D78: HR RR 설비 | E78: 대 | F78: 400000 | AL78: =SUM(G78:AK78) -> 0 | AM78: =F78*AL78 -> 0
C79: M400 300톤수리 (6군데) | D79: 원일300(25T) | E79: 대 | F79: 2000000 | AL79: =SUM(G79:AK79) -> 0 | AM79: =F79*AL79 -> 0
C80: Pump assy 교체외 | D80: 1식 | E80: EA | F80: 2500000 | AL80: =SUM(G80:AK80) -> 0 | AM80: =F80*AL80 -> 0 | AN80: =SUM(AM77:AM80) -> 0
B81: 조은초경 | C81: 신품254*100*2.2*HT* 25.4 | D81: C동 밴딩 톱날 | E81: EA | F81: 145000 | U81: 10 | AL81: =SUM(G81:AK81) -> 10 | AM81: =F81*AL81 -> 1450000
C82: TIP SAW 연마 | E82: EA | F82: 20000 | AL82: =SUM(G82:AK82) -> 0 | AM82: =F82*AL82 -> 0
C83: TIP SAW 수리 | E83: EA | F83: 2000 | AL83: =SUM(G83:AK83) -> 0 | AM83: =F83*AL83 -> 0
B84: 형제전기 | C84: 투입히터 | D84: 380 | E84: EA | F84: 70000 | AL84: =SUM(G84:AK84) -> 0 | AM84: =F84*AL84 -> 0 | AN84: =SUM(AM84:AM86) -> 0
C85: 투입히터 | D85: 220 | E85: EA | F85: 62000 | AL85: =SUM(G85:AK85) -> 0 | AM85: =F85*AL85 -> 0
C86: 금형히터 외 | D86: 140*140*90 | E86: EA | F86: 247500 | AL86: =SUM(G86:AK86) -> 0 | AM86: =F86*AL86 -> 0
B87: (주)유림비앤피 | C87: T/B 700H 75W 라텍스5T | D87: 25.6.24 | E87: EA | F87: 210000 | AL87: =SUM(G87:AK87) -> 0 | AM87: =F87*AL87 -> 0 | AN87: =SUM(AM87:AM89) -> 0
C88: T/B 320H 75W 라텍스5T | D88: 25.9.30 | E88: EA | F88: 130000 | AM88: =F88*AL88 -> 0
C89: poly-v 430j 16 | E89: EA | F89: 40000 | AL89: =SUM(G89:AK89) -> 0 | AM89: =F89*AL89 -> 0
B90: 현대B&P(김동춘) 유림비앤피 대체 | C90: T/B 700H 75외 | D90: 26.4.30 | E90: EA | F90: 710000 | AL90: =SUM(G90:AK90) -> 0 | AM90: =F90*AL90 -> 0 | AN90: =SUM(AM90:AM93) -> 0
AL91: =SUM(G91:AK91) -> 0 | AM91: =F91*AL91 -> 0
AL92: =SUM(G92:AK92) -> 0 | AM92: =F92*AL92 -> 0
E93: EA | AL93: =SUM(G93:AK93) -> 0 | AM93: =F93*AL93 -> 0
B94: 우성테크 | C94: 팬볼트외 날개 | D94: C동 콤프렛샤쿨라펜 교체 | E94: 1식 | F94: 80000 | AL94: =SUM(G94:AK94) -> 0 | AM94: =F94*AL94 -> 0
C95: 실린더 | E95: 1식 | F95: 150000 | AL95: =SUM(G95:AK95) -> 0 | AM95: =F95*AL95 -> 0
C96: 렌모터 | E96: 1식 | F96: 50000 | AL96: =SUM(G96:AK96) -> 0 | AM96: =F96*AL96 -> 0
C97: 출장공임 | E97: 1 | F97: 100000 | AL97: =SUM(G97:AK97) -> 0 | AM97: =F97*AL97 -> 0
C98: Piston Comp수리/휀모터외 | E98: 1식 | F98: 1200000 | AL98: =SUM(G98:AK98) -> 0 | AM98: =F98*AL98 -> 0 | AP98: .
B99: ㈜솔테크 | C99: 융 | E99: EA | F99: 3000 | AL99: =SUM(G99:AK99) -> 0 | AM99: =AL99*F99 -> 0
B100: 대한콘트롤 | C100: 절단기교체 | D100: 서브모터 | E100: 식 | F100: 2040000 | AL100: =SUM(G100:AK100) -> 0 | AM100: =F100*AL100 -> 0 | AN100: =SUM(AM100:AM102) -> 0
...

Sheet 매출세금계산서 
A1: 7월 매출 세금계산서 발행현황
A3: NO. | B3: 구분 | C3: 발행일 | D3: 업체명 | E3: 품목 | F3: 공급가액 | G3: 세액 | H3: 합계금액 | I3: 영수,청구 | J3: 비 고 | K3: 담당자
A4: 1 | B4: PCM | C4: 46234 | D4: ㈜ 조영산업 | E4: 물품대 외 | F4: 22457295 | G4: =F4*0.1 -> 2245729.5 | H4: =F4+G4 -> 24703024 | I4: 청구 | J4: 매월30일
A5: 2 | C5: 46234 | D5: ㈜화승 T&C | E5: as | F5: 9180 | G5: =F5*0.1 -> 918 | H5: =F5+G5 -> 10098 | I5: 청구 | J5: 상계 | K5: 정은나 | L5: 수정
A6: 4 | C6: 46173 | D6: 대성종합 상사 | G6: =F6*0.1 -> 0 | H6: =F6+G6 -> 0 | I6: 청구 | J6: 상계
A7: 3 | C7: 46173 | D7: ㈜화승 T&C | G7: =F7*0.1 -> 0 | H7: =F7+G7 -> 0 | I7: 청구
A8: 3 | C8: 46234 | D8: 한새산업 | E8: K656-1560A | G8: =F8*0.1 -> 0 | H8: =F8+G8 -> 0 | I8: 청구 | J8: 매월25일
A9: 3 | C9: 46234 | D9: T&C 세종공장 | E9: DN8 D/SIDE 외 | F9: 31970160 | G9: =F9*0.1 -> 3197016 | H9: =F9+G9 -> 35167176 | I9: 청구 | J9: 익월5일 | K9: 최태정
A10: 5 | C10: 46234 | D10: 금강사 | E10: 반달스펀지 | H10: =F10+G10 -> 0 | I10: 청구 | J10: 매월25일
A11: PCM 소계 | F11: =SUM(F4:F10) -> 54436635 | G11: =SUM(G4:G10) -> 5443663.5 | H11: =SUM(H4:H10) -> 59880298
A12: 1 | B12: 상품 | C12: 46234 | D12: ㈜ 화승알앤에이 | E12: W/S 공통 | F12: 1092198238 | G12: =F12*0.1 -> 1.0921982e+08 | H12: =F12+G12 -> 1.2014181e+09 | I12: 청구 | J12: 매월25일 | K12: 김다솜 | L12: 수정
A13: 2 | C13: 46234 | D13: ㈜ 화승알앤에이 | E13: DT(CREW) Hood 외 | F13: 1574150160 | G13: =F13*0.1 -> 157415016 | H13: =F13+G13 -> 1731565176 | I13: 청구 | J13: 매월25일 | K13: 서지연 | L13: 수정
A14: 3 | C14: 46234 | D14: ㈜ 화승알앤에이 | E14: DS "D" 소재공급 | F14: 170423068 | G14: =F14*0.1 -> 17042307 | H14: =F14+G14 -> 1.8746537e+08 | I14: 청구 | J14: 매월25일 | K14: 박수진 | L14: 수정2
A15: 4 | C15: 46234 | D15: ㈜ 화승알앤에이 | E15: JG,NE1A PE 개발비 | F15: 14370000 | G15: =F15*0.1 -> 1437000 | H15: =F15+G15 -> 15807000 | I15: 청구 | J15: 매월15일 | K15: 박소희
A16: 5 | C16: 46234 | D16: ㈜ 화승알앤에이 | E16: 개발대응 | G16: =F16*0.1 -> 0 | H16: =F16+G16 -> 0 | I16: 청구 | J16: 매월15일 | K16: 박소희
A17: 상품 소계 | F17: =SUM(F12:F16) -> 2851141466 | G17: =SUM(G12:G16) -> 2.8511415e+08 | H17: =SUM(H12:H16) -> 3.1362556e+09
A18: 1 | B18: 임가공 | C18: 46234 | D18: ㈜ 화승알앤에이 | E18: 임가공비 외 | F18: 5036200 | G18: =F18*0.1 -> 503620 | H18: =F18+G18 -> 5539820 | I18: 청구 | J18: 매월15일 | K18: 안국현.김일경 | L18: 수정
A19: 임가공 소계 | F19: =SUM(F18:F18) -> 5036200 | G19: =SUM(G18:G18) -> 503620 | H19: =SUM(H18:H18) -> 5539820
A20: 합 계 | F20: =F19+F17+F11 -> 2910614301 | G20: =G19+G17+G11 -> 2.9106143e+08 | H20: =H19+H17+H11 -> 3.2016757e+09
